Name,Address,Latitude,Longitude,Supply_type,Applicant_type,Units,Gender,Shared,Cutline_rate,Cutline_score,Year,Quarter,Applied_type,Counts_daiso,Counts_supermarket,Counts_laundry,Counts_pharmacy,Counts_cafe,Counts_convstore,Counts_station,Infra_score,people,Rate1,Rate2,Rate3
S-HOUSE,성동구 고산자로17길 9,37.5673599,127.0357119,21B,0,12,2,0,1,3,2022,1,1,3,4,5,7,15,15,7,4.3,458,34,154,270
S-HOUSE,성동구 고산자로17길 9-1,37.5673819,127.0355863,21B,0,12,2,0,1,2,2022,1,1,3,4,5,7,15,15,7,4.3,442,32,148,262
STAY온,관악구 남부순환로157길 3,37.4841549,126.918585,17B,0,23,2,0,2,5,2022,1,1,2,0,15,15,15,15,3,4.85,296,19,100,177
STAY온,관악구 남부순환로157길 3,37.4841549,126.918585,26B,0,24,2,0,2,6,2022,1,1,2,0,15,15,15,15,3,4.85,435,24,146,265
STAY온,관악구 남부순환로 1519,37.4799015,126.9404631,17B,0,16,2,0,2,5,2022,1,1,3,1,12,15,15,15,2,4.83,175,11,59,105
STAY온,관악구 남부순환로 1519,37.4799015,126.9404631,26B,0,24,2,0,2,7,2022,1,1,3,1,12,15,15,15,2,4.83,471,26,158,287
WISH희망,강동구 천호대로168다길 6,37.5352313,127.1301435,29B,0,5,2,0,2,8,2022,1,1,4,3,7,15,15,15,6,4.78,106,6,35,65
WISH희망,강동구 천호대로168다길 6,37.5352313,127.1301435,37A,0,9,2,0,1,4,2022,1,1,4,3,7,15,15,15,6,4.78,468,36,161,271
WISH희망,강동구 천호옛8길 3,37.5336471,127.1237515,40A,0,1,2,0,1,5,2022,1,1,4,3,4,15,15,15,4,4.68,81,5,27,49
YJ빌라,서대문구 응암로 142-18,37.5846218,126.9152171,29A,0,4,2,0,1,5,2022,1,1,2,2,3,11,15,15,2,4.32,202,14,67,121
YJ빌라,서대문구 응암로 142-18,37.5846218,126.9152171,36A,0,2,2,0,1,2,2022,1,1,2,2,3,11,15,15,2,4.32,150,11,52,87
강동서영스윗홈,강동구 천중로48길 9-13,37.5404493,127.1424645,23B,0,1,2,0,2,5,2022,1,1,2,3,6,15,15,15,3,4.65,40,2,14,24
경동파크빌,영등포구 대림로35나길 14,37.4974869,126.8974047,29B,0,6,2,0,2,4,2022,1,1,4,4,1,15,15,15,4,4.62,64,4,21,39
경동파크빌,영등포구 대림로35나길 14,37.4974869,126.8974047,35A,0,4,2,0,2,7,2022,1,1,4,4,1,15,15,15,4,4.62,80,4,27,49
경동파크빌,영등포구 대림로35나길 14,37.4974869,126.8974047,36B,0,2,2,0,2,7,2022,1,1,4,4,1,15,15,15,4,4.62,40,2,14,24
꿈꾸지오,송파구 송파대로47길 6,37.5075143,127.1038373,24A,0,12,2,0,1,5,2022,1,1,4,3,3,15,15,15,6,4.65,628,45,208,375
꿈꾸지오,송파구 송파대로47길 6,37.5075143,127.1038373,28A,0,5,2,0,1,8,2022,1,1,4,3,3,15,15,15,6,4.65,346,22,115,209
꿈꾸지오,송파구 송파대로47길 6,37.5075143,127.1038373,44C,0,2,2,0,1,8,2022,1,1,4,3,3,15,15,15,6,4.65,905,53,310,542
네스트,송파구 백제고분로48길 41-15,37.5103799,127.1175542,25B,0,12,2,0,2,5,2022,1,1,2,2,7,15,15,15,4,4.65,200,12,67,121
네스트,송파구 백제고분로48길 41-15,37.5103799,127.1175542,29B,0,2,2,0,1,5,2022,1,1,2,2,7,15,15,15,4,4.65,89,6,30,53
네스트,송파구 백제고분로48길 41-15,37.5103799,127.1175542,35A,0,1,2,0,1,2,2022,1,1,2,2,7,15,15,15,4,4.65,32,2,11,19
다온빌리지,양천구 목동중앙본로20길 35,37.5413901,126.8712665,30A,0,1,2,0,1,4,2022,1,1,2,3,3,9,15,15,2,4.25,24,1,8,15
다온빌리지,양천구 목동중앙본로20길 35,37.5413901,126.8712665,39A,0,10,2,0,1,2,2022,1,1,2,3,3,9,15,15,2,4.25,526,36,173,317
다온에코하임,송파구 거마로9길 24-5,37.4972181,127.1436026,34A,0,8,2,0,2,6,2022,1,1,2,2,6,15,15,15,3,4.62,206,11,69,126
다온에코하임,송파구 거마로9길 24-5,37.4972181,127.1436026,42A,0,7,2,0,1,4,2022,1,1,2,2,6,15,15,15,3,4.62,238,16,78,144
다이알로그191,은평구 갈현로11길 26-11,37.6051355,126.9077363,26A,0,64,2,0,2,5,2022,1,1,1,2,4,4,15,15,1,3.95,515,33,171,311
더리치,광진구 긴고랑로1길 35,37.5656606,127.077851,27A,0,1,2,0,1,10,2022,1,1,2,1,5,11,15,15,3,4.35,150,9,51,90
더존에이스빌가동,동대문구 천호대로89길 51,37.5640566,127.0690986,55C,0,1,0,1,1,10,2022,1,1,2,1,4,11,15,15,1,4.32,283,17,94,172
더존에이스빌나동,동대문구 천호대로89길 51,37.5640566,127.0690986,56C,0,1,1,1,1,10,2022,1,1,2,1,4,11,15,15,1,4.32,301,18,99,184
더클래스천호1,강동구 천중로29길 27,37.5433471,127.1367447,29B,0,14,2,0,2,5,2022,1,1,2,5,4,15,15,15,3,4.65,195,12,65,118
도담마을,구로구 가마산로20라길 13,37.4917956,126.8870508,26B,0,13,2,0,2,4,2022,1,1,2,4,5,15,15,15,4,4.65,140,9,47,84
독산리젠트빌,금천구 벚꽃로12길 19,37.4650486,126.8909095,26A,0,5,2,0,1,1,2022,1,1,3,4,5,3,15,15,2,4.1,189,13,62,114
동원힐하스,노원구 공릉로26길 28,37.6199459,127.0795857,18,0,1,2,0,1,9,2022,1,1,2,3,5,15,15,15,6,4.62,108,6,37,65
동일케슬,중랑구 동일로148길 43,37.6075905,127.0807803,28,0,1,1,1,1,7,2022,1,1,2,5,3,5,15,15,2,4.12,49,3,17,29
드림네스트,송파구 가락로5길 3-75,37.4997867,127.1021518,27B,0,15,2,0,2,7,2022,1,1,2,2,7,8,15,15,4,4.3,334,18,112,204
드림네스트,송파구 가락로5길 3-75,37.4997867,127.1021518,32A,0,4,2,0,1,5,2022,1,1,2,2,7,8,15,15,4,4.3,169,12,56,101
드림빌1차,성북구 서경로13길 31,37.6098363,127.0142845,14,0,2,2,0,1,3,2022,1,1,2,1,2,15,15,15,2,4.45,53,3,18,32
드림하우징,마포구 와우산로21길 31-19,37.5515975,126.9219449,28B,0,17,2,0,1,4,2022,1,1,3,2,3,10,15,15,7,4.32,519,37,172,310
드림하우징,마포구 와우산로21길 31-19,37.5515975,126.9219449,32A,0,2,2,0,1,9,2022,1,1,3,2,3,10,15,15,7,4.32,124,7,43,74
로프트시티,영등포구 영등포로 244,37.518779,126.9086878,20B,0,173,2,0,2,7,2022,1,1,1,3,7,15,15,15,5,4.63,4280,223,1446,2611
마천빌,송파구 성내천로22길 1,37.4999589,127.1468828,26B,0,9,2,0,2,5,2022,1,1,2,2,6,13,15,13,2,4.28,111,7,37,67
마천빌,송파구 성내천로22길 1,37.4999589,127.1468828,36A,0,1,2,0,1,7,2022,1,1,2,2,6,13,15,13,2,4.28,21,1,7,13
명지파크빌,영등포구 대림로16길 9,37.4928648,126.9024693,28B,0,2,2,0,2,4,2022,1,1,5,1,2,15,15,15,8,4.6,25,1,9,15
명지파크빌,영등포구 대림로16길 9,37.4928648,126.9024693,37A,0,3,2,0,2,7,2022,1,1,5,1,2,15,15,15,8,4.6,46,2,16,28
명지파크빌,영등포구 대림로16길 9,37.4928648,126.9024693,45A,0,5,2,0,1,4,2022,1,1,5,1,2,15,15,15,8,4.6,117,8,38,71
백년빌,강남구 학동로20길 63-6,37.5094348,127.0269964,29B,0,7,2,0,1,5,2022,1,1,3,0,10,15,15,15,8,4.73,236,16,78,142
백년빌,강남구 학동로20길 63-6,37.5094348,127.0269964,39A,0,2,2,0,1,7,2022,1,1,3,0,10,15,15,15,8,4.73,226,13,75,138
백년빌,강남구 봉은사로13길 26,37.5074079,127.0296863,28B,0,11,2,0,1,4,2022,1,1,3,0,11,15,15,15,8,4.77,554,39,183,332
백년빌,강남구 봉은사로13길 26,37.5074079,127.0296863,35A,0,4,2,0,1,7,2022,1,1,3,0,11,15,15,15,8,4.77,433,27,144,262
백년빌,서초구 논현로5길 15-20,37.4713374,127.0497172,27,0,5,2,0,1,4,2022,1,1,1,1,2,4,15,15,1,3.85,161,11,53,97
백년빌,서초구 논현로7길 36,37.4723443,127.0472866,30,0,1,2,0,1,5,2022,1,1,1,1,4,8,15,15,1,4.12,38,2,13,23
서도휴빌,성북구 장월로1마길 23,37.6051719,127.0426819,41,0,4,0,1,1,7,2022,1,1,2,4,2,12,15,15,2,4.4,252,15,83,154
서도휴빌,성북구 장월로1마길 23,37.6051719,127.0426819,49,0,7,1,1,1,5,2022,1,1,2,4,2,12,15,15,2,4.4,470,32,154,284
서영스윗홈,중랑구 상봉로20길 91,37.5948215,127.0983136,19B,0,14,2,0,2,7,2022,1,1,2,2,5,12,15,15,2,4.43,164,9,55,100
서영스윗홈,중랑구 상봉로20길 91,37.5948215,127.0983136,24B,0,9,2,0,2,7,2022,1,1,2,2,5,12,15,15,2,4.43,173,9,58,106
서초파크타운,서초구 반포대로5길 64,37.4816929,127.008069,26,0,4,2,0,1,7,2022,1,1,3,1,1,5,15,15,2,3.97,217,13,72,132
석윤주택,구로구 고척로21가길 2-9,37.5027335,126.845507,20B,0,9,2,0,2,4,2022,1,1,1,1,6,12,15,15,1,4.38,56,3,19,34
석윤주택,구로구 고척로21가길 2-9,37.5027335,126.845507,25B,0,5,2,0,2,5,2022,1,1,1,1,6,12,15,15,1,4.38,42,2,14,26
석윤주택,구로구 고척로21가길 2-9,37.5027335,126.845507,29B,0,1,2,0,2,5,2022,1,1,1,1,6,12,15,15,1,4.38,12,0,4,8
성신하우스,강북구 인수봉로38길 10,37.6316438,127.014278,14,0,3,2,0,1,5,2022,1,1,3,1,4,10,15,15,2,4.32,41,3,14,24
성지파크빌,동작구 남부순환로255길 16,37.4768289,126.970407,26B,0,3,2,0,2,7,2022,1,1,4,1,8,10,15,13,4,4.27,92,5,31,56
성지파크빌,동작구 남부순환로255길 16,37.4768289,126.970407,30B,0,7,2,0,2,8,2022,1,1,4,1,8,10,15,13,4,4.27,322,18,108,196
성지파크빌,동작구 남부순환로255길 16,37.4768289,126.970407,32A,0,2,2,0,1,9,2022,1,1,4,1,8,10,15,13,4,4.27,192,12,66,114
신양그린,강동구 고덕로 46,37.5545794,127.1301747,29A,0,15,2,0,1,4,2022,1,1,1,2,7,15,15,15,2,4.6,505,36,167,302
신영오피스텔,금천구 범안로11길 60,37.4682664,126.8910227,26B,0,168,2,0,2,5,2022,1,1,2,5,8,4,15,15,2,4.23,2195,131,737,1327
아이빌,"금천구 독산로20길 13, 시흥동 833-13",37.4532426,126.9076616,29,0,3,2,0,2,8,2022,1,1,2,2,4,15,15,15,1,4.55,42,2,14,26
에코하임,양천구 목동중앙본로22길 52,37.5414642,126.8718608,19B,0,14,2,0,2,5,2022,1,1,1,3,3,8,15,15,2,4.15,129,8,44,77
에코하임,양천구 목동중앙본로22길 52,37.5414642,126.8718608,25B,0,4,2,0,2,8,2022,1,1,1,3,3,8,15,15,2,4.15,55,3,18,34
에코하임,양천구 목동중앙본로22길 52,37.5414642,126.8718608,34A,0,1,2,0,1,0,2022,1,1,1,3,3,8,15,15,2,4.15,43,3,15,25
연남하이츠,마포구 성미산로19길 78,37.56455,126.9179346,27B,0,1,2,0,1,4,2022,1,1,2,1,5,2,15,15,3,3.9,41,2,14,25
연남하이츠,마포구 성미산로19길 78,37.56455,126.9179346,34A,0,10,2,0,1,7,2022,1,1,2,1,5,2,15,15,3,3.9,983,58,335,590
연남하이츠,마포구 성미산로19길 78,37.56455,126.9179346,42A,0,1,2,0,1,7,2022,1,1,2,1,5,2,15,15,3,3.9,140,8,46,86
연남하이츠,마포구 성미산로19길 78,37.56455,126.9179346,49D,0,1,2,0,1,10,2022,1,1,2,1,5,2,15,15,3,3.9,142,8,47,87
영스테이,송파구 올림픽로12길 52-8,37.507098,127.083312,31B,0,6,2,0,1,3,2022,1,1,2,1,7,15,15,15,4,4.62,165,11,55,99
영스테이,송파구 올림픽로12길 52-8,37.507098,127.083312,36A,0,4,2,0,1,6,2022,1,1,2,1,7,15,15,15,4,4.62,243,16,84,143
영스테이,송파구 올림픽로12길 52-8,37.507098,127.083312,40A,0,2,2,0,1,7,2022,1,1,2,1,7,15,15,15,4,4.62,154,9,51,94
예인빌,금천구 독산로64나길 12,37.4660265,126.9037945,21B,0,5,2,0,2,4,2022,1,1,3,3,3,9,15,15,1,4.3,35,2,12,21
예인빌,금천구 독산로64나길 12,37.4660265,126.9037945,24B,0,13,2,0,2,5,2022,1,1,3,3,3,9,15,15,1,4.3,102,6,34,62
예인빌,금천구 독산로64나길 12,37.4660265,126.9037945,27B,0,1,2,0,3,6,2022,1,1,3,3,3,9,15,15,1,4.3,10,0,3,7
온리유,도봉구 도당로13라길 61,37.6685065,127.036817,40A,0,3,2,0,1,3,2022,1,1,2,1,3,10,15,15,1,4.23,77,5,25,47
유케이타운,송파구 삼전로10길 54,37.5044052,127.0951628,23B,0,6,2,0,2,7,2022,1,1,2,3,12,15,15,15,3,4.85,127,7,42,78
유케이타운,송파구 삼전로10길 54,37.5044052,127.0951628,27B,0,4,2,0,2,6,2022,1,1,2,3,12,15,15,15,3,4.85,96,5,32,59
융성그린빌,강북구 인수봉로80길 17-5,37.6449844,127.0118208,32A,0,14,2,0,1,5,2022,1,1,1,0,2,7,15,15,2,3.97,236,16,78,142
응암에코타운,은평구 응평로 16길 12,37.6002991,126.9298812,27B,0,19,2,0,2,7,2022,1,1,1,3,2,12,15,15,3,4.32,302,17,101,184
인화빌,성북구 장월로28길 49,37.6167189,127.0530181,25B,0,12,2,0,2,6,2022,1,1,1,3,1,8,15,12,1,3.73,157,8,53,96
인화빌,성북구 장월로28길 49,37.6167189,127.0530181,29B,0,6,2,0,1,2,2022,1,1,1,3,1,8,15,12,1,3.73,77,5,25,47
인화빌,성북구 장월로28길 49,37.6167189,127.0530181,39A,0,1,2,0,1,10,2022,1,1,1,3,1,8,15,12,1,3.73,35,2,12,21
제이씨아트빌,서대문구 명지대5길 13,37.5828313,126.9226137,24,0,1,1,1,1,8,2022,1,1,1,2,6,2,15,15,0,3.92,27,1,9,17
주영테크빌,서대문구 증가로12가길 68,37.5808344,126.9185439,17,0,3,1,1,2,5,2022,1,1,2,2,3,8,15,15,1,4.17,45,2,15,28
지오빌,광진구 자양번영로3나길 31,37.5305356,127.0736734,30,0,2,0,1,1,5,2022,1,1,0,1,0,8,15,15,1,3.93,165,11,56,98
케이디하우스,영등포구 영등포로35나길 5,37.522584,126.903701,28B,0,10,2,0,1,2,2022,1,1,4,5,8,15,15,15,6,4.88,291,20,96,175
케이디하우스,영등포구 영등포로35나길 5,37.522584,126.903701,42A,0,5,2,0,1,7,2022,1,1,4,5,8,15,15,15,6,4.88,637,38,210,389
티엘하우스,송파구 중대로14길 6,37.4952397,127.1247874,28B,0,7,2,0,2,5,2022,1,1,4,2,6,15,15,15,7,4.72,157,10,52,95
티엘하우스,송파구 중대로14길 6,37.4952397,127.1247874,49A,0,1,2,0,1,5,2022,1,1,4,2,6,15,15,15,7,4.72,64,4,21,39
파인빌2,송파구 백제고분로 42길 18-9,37.5046734,127.1101288,35A,0,8,2,0,1,6,2022,1,1,2,4,5,15,15,15,4,4.65,578,37,192,349
해담빌,강동구 구천면로40길 7,37.5456779,127.1340925,30,0,1,0,1,2,4,2022,1,1,4,5,6,13,15,15,3,4.72,10,0,3,7
해담빌,서대문구 홍제내2바길 7,37.5854867,126.9373538,43C,0,1,0,1,1,7,2022,1,1,3,1,2,3,15,13,1,3.67,82,4,27,51
현인그린빌,서대문구 홍은중앙로8길 9,37.599012,126.9481174,18,0,2,2,0,2,7,2022,1,1,1,1,2,5,15,7,0,2.97,22,1,8,13
휴먼에코빌,도봉구 도당로13라길 129,37.6695857,127.0403963,32A,0,13,2,0,1,2,2022,1,1,2,2,2,7,15,15,2,4.08,265,19,88,158
휴먼에코빌,도봉구 도당로13라길 129,37.6695857,127.0403963,37A,0,1,2,0,1,2,2022,1,1,2,2,2,7,15,15,2,4.08,15,1,5,9
휴먼에코빌,금천구 독산로96길 27-6,37.475175,126.9051697,54C,0,1,0,1,1,6,2022,1,1,3,3,4,11,15,15,1,4.43,144,8,48,88
휴먼에코빌,금천구 독산로96길 27-6,37.475175,126.9051697,29A,0,1,1,1,2,8,2022,1,1,3,3,4,11,15,15,1,4.43,21,1,7,13
휴먼에코빌,금천구 독산로96길 27-6,37.475175,126.9051697,40C,0,1,1,1,1,5,2022,1,1,3,3,4,11,15,15,1,4.43,108,7,35,66
HwellsPARK천호,강동구 진황도로27길 30,37.5396099,127.1322117,29A,0,18,2,0,1,5,2023,1,1,4,4,8,15,15,15,4,4.85,1368,91,463,814
OaktreevilDR2,영등포구 대림로35길 8-1,37.4989886,126.8971266,27A,0,18,2,0,1,4,2023,1,1,4,4,3,11,15,15,5,4.48,461,33,152,276
OaktreevilDR2,영등포구 대림로35길 8-1,37.4989886,126.8971266,47C,0,1,2,0,1,10,2023,1,1,4,4,3,11,15,15,5,4.48,195,11,64,120
STAY온,관악구 남부순환로157길 3,37.4841549,126.918585,17B,0,7,2,0,2,7,2023,1,1,2,0,15,15,15,15,3,4.85,119,6,40,73
STAY온,관악구 남부순환로 1519,37.4799015,126.9404631,26B,0,11,2,0,2,7,2023,1,1,3,1,12,15,15,15,2,4.83,164,9,55,100
T&K반포,서초구 주흥9길 8-13,37.5077593,127.0192046,26B,0,10,2,0,1,7,2023,1,1,3,1,8,15,15,15,9,4.7,882,52,300,530
T&K반포,서초구 주흥9길 8-13,37.5077593,127.0192046,32A,0,2,2,0,1,8,2023,1,1,3,1,8,15,15,15,9,4.7,339,21,116,202
T&K신림,관악구 조원중앙로 59-3,37.4844974,126.9078223,29A,0,10,2,0,1,6,2023,1,1,4,1,10,9,15,15,4,4.52,552,35,184,333
T&K신림,관악구 조원중앙로 59-3,37.4844974,126.9078223,45C,0,5,2,0,1,8,2023,1,1,4,1,10,9,15,15,4,4.52,1185,70,403,712
WISH희망,강동구 천호옛8길 3,37.5336471,127.1237515,37A,0,1,2,0,1,4,2023,1,1,4,3,4,15,15,15,4,4.68,91,7,31,53
YJ빌라,서대문구 응암로 142-18,37.5846218,126.9152171,36A,0,1,2,0,1,7,2023,1,1,2,2,3,11,15,15,2,4.32,213,14,74,125
강동구구천면빌,강동구 구천면로53길 36-19,37.550707,127.1355514,32B,0,1,2,0,1,6,2023,1,1,3,4,6,11,15,15,4,4.53,36,2,12,22
강동구구천면빌,강동구 구천면로53길 36-19,37.550707,127.1355514,44A,0,3,2,0,1,7,2023,1,1,3,4,6,11,15,15,4,4.53,224,13,74,137
강동구구천면빌,강동구 구천면로53길 36-19,37.550707,127.1355514,51A,0,2,2,0,1,7,2023,1,1,3,4,6,11,15,15,4,4.53,174,10,57,107
경동파크빌,영등포구 대림로35나길 14,37.4974869,126.8974047,35A,0,4,2,0,2,8,2023,1,1,4,4,1,15,15,15,4,4.62,70,3,23,44
경동파크빌,영등포구 대림로35나길 14,37.4974869,126.8974047,36B,0,2,2,0,2,7,2023,1,1,4,4,1,15,15,15,4,4.62,36,2,13,21
경호빌,관악구 조원로16가길 41,37.4827121,126.9127005,28B,0,13,2,0,2,7,2023,1,1,4,1,9,15,15,15,4,4.78,184,10,62,112
경호빌,관악구 조원로16가길 41,37.4827121,126.9127005,43A,0,2,2,0,1,7,2023,1,1,4,1,9,15,15,15,4,4.78,102,6,34,62
광진홈,성북구 솔샘로6가길 42,37.6106665,127.0071979,17A,0,5,2,0,1,2,2023,1,1,1,0,7,11,15,15,1,4.33,125,9,42,74
구의에스하임1,광진구 광나루로30나길 15,37.5436996,127.0826158,29A,0,1,1,1,1,10,2023,1,1,2,3,2,5,15,12,2,3.67,110,7,38,65
꿈꾸지오,송파구 송파대로47길 6,37.5075143,127.1038373,44C,0,1,2,0,1,10,2023,1,1,4,3,3,15,15,15,6,4.65,838,51,288,499
네스트,송파구 백제고분로48길 41-15,37.5103799,127.1175542,25B,0,6,2,0,1,4,2023,1,1,2,2,7,15,15,15,4,4.65,459,33,152,274
다움파크빌,서대문구 증가로24가길 11,37.5814956,126.9169299,19A,0,1,2,0,2,8,2023,1,1,2,2,3,4,15,15,1,3.97,54,3,19,32
다원빌,종로구 지봉로12길 11,37.5772024,127.0161933,41C,0,1,1,1,1,10,2023,1,1,2,1,2,14,15,15,10,4.4,509,31,168,310
더리치,광진구 긴고랑로1길 35,37.5656606,127.077851,27B,0,1,2,0,1,10,2023,1,1,2,1,5,11,15,15,3,4.35,106,6,36,64
더스페이스빌,서대문구 증가로8길 68-24,37.5790637,126.9268763,16A,0,2,2,0,1,5,2023,1,1,1,1,5,15,15,15,0,4.5,70,5,24,41
더존에이스빌가동,동대문구 천호대로89길 51,37.5640566,127.0690986,33A,0,1,0,1,1,7,2023,1,1,2,1,4,11,15,15,1,4.32,184,11,63,110
더존에이스빌나동,동대문구 천호대로89길 51,37.5640566,127.0690986,56C,0,3,1,1,1,7,2023,1,1,2,1,4,11,15,15,1,4.32,612,37,202,373
더클래스천호1,강동구 천중로29길 27,37.5433471,127.1367447,29B,0,8,2,0,2,7,2023,1,1,2,5,4,15,15,15,3,4.65,166,9,56,101
도담마을,구로구 가마산로20라길 13,37.4917956,126.8870508,26B,0,6,2,0,2,4,2023,1,1,2,4,5,15,15,15,4,4.65,48,3,16,29
로프트시티,영등포구 영등포로 244,37.518779,126.9086878,20B,0,70,2,0,2,7,2023,1,1,1,3,7,15,15,15,5,4.63,2118,110,716,1292
리츠하우스2,은평구 갈현로11가길 14-4,37.6064129,126.9089374,19B,0,15,2,0,2,8,2023,1,1,0,2,5,5,15,15,2,3.98,245,13,82,150
리츠하우스2,은평구 갈현로11가길 14-4,37.6064129,126.9089374,28B,0,4,2,0,1,5,2023,1,1,0,2,5,5,15,15,2,3.98,140,10,46,84
민하우스2,영등포구 가마산로46가길 5,37.501031,126.899687,29B,0,6,2,0,2,7,2023,1,1,6,4,2,7,15,15,6,4.35,86,4,29,53
민하우스2,영등포구 가마산로46가길 5,37.501031,126.899687,41A,0,2,2,0,1,3,2023,1,1,6,4,2,7,15,15,6,4.35,111,7,36,68
백년빌,강남구 개포로24길 13,37.4781842,127.0487295,26A,0,1,2,0,1,3,2023,1,1,5,0,5,12,15,15,1,4.52,107,7,37,63
백년빌,서초구 논현로5길 24-10,37.4723222,127.0484247,28B,0,3,2,0,2,7,2023,1,1,1,1,4,8,15,15,1,4.12,108,6,36,66
백년빌,서초구 논현로5길 15-20,37.4713374,127.0497172,28B,0,3,2,0,2,6,2023,1,1,1,1,2,4,15,15,1,3.85,106,6,35,65
백년빌,강남구 봉은사로13길 26,37.5074079,127.0296863,28B,0,3,2,0,1,2,2023,1,1,3,0,11,15,15,15,8,4.77,188,13,62,113
백년빌,강남구 봉은사로13길 26,37.5074079,127.0296863,35A,0,1,2,0,1,8,2023,1,1,3,0,11,15,15,15,8,4.77,165,10,57,98
비전하우스,양천구 곰달래로1길 36-1,37.5326912,126.8316846,24B,0,1,2,0,2,5,2023,1,1,2,1,5,14,15,15,0,4.5,21,1,7,13
삼화에코빌2차,동대문구 답십리로65길 114,37.5776397,127.0702807,47C,0,1,0,1,1,8,2023,1,1,1,1,5,14,15,15,0,4.45,187,11,62,114
삼화에코빌2차,동대문구 답십리로65길 114,37.5776397,127.0702807,47C,0,1,0,1,1,8,2023,1,1,1,1,5,14,15,15,0,4.45,176,10,58,108
삼화에코빌2차,동대문구 답십리로65길 114,37.5776397,127.0702807,47C,0,1,1,1,1,10,2023,1,1,1,1,5,14,15,15,0,4.45,187,11,62,114
삼화에코빌2차,동대문구 답십리로65길 114,37.5776397,127.0702807,47C,0,1,1,1,1,10,2023,1,1,1,1,5,14,15,15,0,4.45,176,10,58,108
서영스윗홈,중랑구 상봉로20길 91,37.5948215,127.0983136,19B,0,2,2,0,1,7,2023,1,1,2,2,5,12,15,15,2,4.43,145,9,50,86
서초파크타운,서초구 반포대로5길 62,37.4817175,127.0082273,28B,0,2,2,0,1,7,2023,1,1,3,1,1,5,15,15,2,3.97,175,11,60,104
석윤주택,구로구 고척로21가길 2-9,37.5027335,126.845507,29B,0,1,2,0,2,6,2023,1,1,1,1,6,12,15,15,1,4.38,9,0,3,6
성지파크빌,동작구 남부순환로255길 16,37.4768289,126.970407,26B,0,2,2,0,1,7,2023,1,1,4,1,8,10,15,13,4,4.27,179,11,61,107
송파누리빌,송파구 백제고분로46길 41-7,37.5071714,127.1155291,36A,0,2,2,0,1,9,2023,1,1,3,3,6,15,15,15,6,4.7,301,20,104,177
스타힐스,금천구 독산로23길 19,37.4541968,126.904778,28B,0,2,2,0,2,8,2023,1,1,3,2,1,15,15,15,2,4.5,37,2,13,22
스타힐스,금천구 독산로23길 19,37.4541968,126.904778,30A,0,13,2,0,2,8,2023,1,1,3,2,1,15,15,15,2,4.5,319,18,107,194
신양그린,강동구 고덕로 46,37.5545794,127.1301747,29A,0,7,2,0,1,5,2023,1,1,1,2,7,15,15,15,2,4.6,260,18,86,156
신영오피스텔,금천구 범안로11길 60,37.4682664,126.8910227,26B,0,25,2,0,2,7,2023,1,1,2,5,8,4,15,15,2,4.23,507,28,170,309
신우휴먼빌암사,강동구 암사길 83-13,37.5523368,127.1379426,27B,0,1,2,0,2,7,2023,1,1,3,2,5,12,15,15,4,4.48,38,2,13,23
신우휴먼빌암사,강동구 암사길 83-13,37.5523368,127.1379426,45A,0,1,2,0,1,7,2023,1,1,3,2,5,12,15,15,4,4.48,58,3,19,36
아이빌,금천구 금하로23나길 29,37.4521989,126.9105224,28B,0,1,2,0,2,5,2023,1,1,2,2,3,15,15,15,1,4.52,4,0,1,3
양평에스하임2,영등포구 양평로28마길 24,37.5431199,126.8895378,28A,0,2,2,0,1,8,2023,1,1,1,0,2,1,15,7,2,2.73,203,13,70,120
에코리움빌,양천구 남부순환로60길 12-10,37.5311303,126.8297921,34A,0,1,2,0,1,8,2023,1,1,2,1,4,13,15,13,0,4.18,99,6,34,59
에코하임,양천구 목동중앙본로22길 52,37.5414642,126.8718608,19B,0,5,2,0,2,7,2023,1,1,1,3,3,8,15,15,2,4.15,74,4,25,45
연남하이츠,마포구 성미산로19길 78,37.56455,126.9179346,27B,0,1,2,0,1,8,2023,1,1,2,1,5,2,15,15,3,3.9,383,24,131,228
예인빌,금천구 독산로64나길 12,37.4660265,126.9037945,24B,0,5,2,0,2,2,2023,1,1,3,3,3,9,15,15,1,4.3,46,2,15,29
예인빌,금천구 독산로64나길 12,37.4660265,126.9037945,27B,0,1,2,0,2,4,2023,1,1,3,3,3,9,15,15,1,4.3,21,1,7,13
오류동청년주택,구로구 경인로27길 13,37.4978262,126.8447804,28B,0,88,2,0,2,8,2023,1,1,1,1,9,11,15,15,1,4.43,2926,152,989,1785
와이디하우스,강동구 구천면로35길 27,37.5438009,127.1304628,38A,0,1,2,0,1,8,2023,1,1,4,4,8,15,15,15,4,4.85,51,3,18,30
은슬림,금천구 탑골로7길 11,37.4522075,126.9126305,19B,0,25,2,0,3,5,2023,1,1,0,1,3,15,15,15,0,4.38,74,5,23,46
은슬림,강동구 진황도로23길 20-1,37.5399289,127.1301334,26B,0,1,2,0,1,6,2023,1,1,4,4,9,15,15,15,4,4.88,32,2,11,19
인화빌,성북구 장월로28길 49,37.6167189,127.0530181,25B,0,4,2,0,1,5,2023,1,1,1,3,1,8,15,12,1,3.73,225,16,74,135
자양에스하임,광진구 뚝섬로49길 60,37.5344922,127.0804702,27A,0,2,2,0,1,8,2023,1,1,1,3,11,15,15,15,1,4.77,336,21,115,200
쥬빌리,금천구 범안로12길 50,37.4644296,126.8926801,30A,0,1,2,0,1,2,2023,1,1,3,4,7,4,15,15,3,4.22,43,3,15,25
지오빌,광진구 자양번영로3나길 31,37.5305356,127.0736734,32B,0,3,0,1,1,7,2023,1,1,0,1,0,8,15,15,1,3.93,288,18,98,172
청정마을,구로구 가마산로20나길 23,37.4930223,126.8873993,26B,0,1,2,0,1,0,2023,1,1,3,3,7,15,15,15,4,4.73,17,1,6,10
청정마을,구로구 가마산로20나길 23,37.4930223,126.8873993,36A,0,8,2,0,1,2,2023,1,1,3,3,7,15,15,15,4,4.73,225,17,77,131
청춘가옥,금천구 독산로50길 130-9,37.4617337,126.9115685,27A,0,2,2,0,2,6,2023,1,1,0,2,1,1,8,6,0,1.78,25,1,9,15
케이엠케슬타운,영등포구 선유서로26길 28,37.5237282,126.8889722,20B,0,2,2,0,2,6,2023,1,1,4,6,4,13,15,15,4,4.68,88,4,30,54
케이엠케슬타운,영등포구 선유서로26길 28,37.5237282,126.8889722,30A,0,1,2,0,1,8,2023,1,1,4,6,4,13,15,15,4,4.68,249,16,85,148
티엘하우스,송파구 중대로14길 6,37.4952397,127.1247874,49A,0,1,2,0,1,5,2023,1,1,4,2,6,15,15,15,7,4.72,189,12,62,115
하늘사랑채,구로구 고척로33나길 4,37.5037395,126.8489306,23B,0,1,2,0,2,3,2023,1,1,1,1,5,12,15,15,0,4.35,12,0,4,8
하늘사랑채,구로구 안양천로537가길 18-8,37.5013366,126.868445,19B,0,14,2,0,2,5,2023,1,1,1,3,0,5,15,13,2,3.67,121,8,41,72
하늘사랑채,구로구 안양천로537가길 18-8,37.5013366,126.868445,30A,0,1,2,0,1,4,2023,1,1,1,3,0,5,15,13,2,3.67,36,2,12,22
하임,관악구 난곡로30길 23,37.4714371,126.921276,44C,0,1,1,1,1,0,2023,1,1,1,0,4,15,15,15,0,4.43,71,4,23,44
한별,금천구 두산로10길 9,37.4694665,126.8927973,28A,0,4,2,0,1,5,2023,1,1,3,5,11,11,15,15,2,4.73,171,12,57,102
한별,관악구 남부순환로 1524,37.4825529,126.920029,26A,0,20,2,0,1,5,2023,1,1,4,0,11,8,15,15,3,4.47,703,46,238,419
해담빌,서대문구 홍제내2바길 7,37.5854867,126.9373538,33A,0,1,0,1,1,8,2023,1,1,3,1,2,3,15,13,1,3.67,66,4,23,39
현대그린빌,강서구 공항대로75길 47,37.5487651,126.8752006,17A,0,2,2,0,1,5,2023,1,1,2,2,4,15,15,15,3,4.55,246,18,85,143
현인그린빌,서대문구 홍은중앙로8길 9,37.599012,126.9481174,17A,0,2,2,0,2,7,2023,1,1,1,1,2,5,15,7,0,2.97,46,2,16,28
홍원하이빌강북,강북구 인수봉로82길 26,37.6457911,127.012229,21B,0,4,2,0,1,3,2023,1,1,1,0,2,10,15,15,2,4.12,91,6,31,54
홍원하이빌강북,강북구 삼양로119길 22,37.6444313,127.0148519,21B,0,1,2,0,1,3,2023,1,1,1,0,5,15,15,15,2,4.47,26,1,9,16
휴먼에코빌,금천구 독산로96길 27-6,37.475175,126.9051697,54A,0,2,0,1,1,4,2023,1,1,3,3,4,11,15,15,1,4.43,112,7,37,68
휴먼에코빌,금천구 독산로96길 27-6,37.475175,126.9051697,29B,0,1,1,1,2,5,2023,1,1,3,3,4,11,15,15,1,4.43,25,1,9,15
D&Dhouse,서대문구 연희로 168,37.576569,126.9342369,29B,0,3,2,0,1,9,2024,1,1,0,1,2,3,15,12,0,3.4,716,39,244,433
HwellsPARK천호,강동구 진황도로29길 35-3,37.5392253,127.1333878,27A,0,2,2,0,1,5,2024,1,1,4,4,9,15,15,15,4,4.88,63,3,21,39
OaktreevilDR2,영등포구 대림로35길 8-1,37.4989886,126.8971266,27A,0,7,2,0,2,8,2024,1,1,4,4,3,11,15,15,5,4.48,224,10,77,137
S-HOUSE,성동구 고산자로17길 9-1,37.5673819,127.0355863,21B,0,3,2,0,1,6,2024,1,1,3,4,5,7,15,15,7,4.3,192,10,65,117
STAY온,관악구 남부순환로 1519,37.4799015,126.9404631,17B,0,1,2,0,1,5,2024,1,1,3,1,12,15,15,15,2,4.83,25,1,9,15
STAY온,관악구 남부순환로 1519,37.4799015,126.9404631,26B,0,5,2,0,2,6,2024,1,1,3,1,12,15,15,15,2,4.83,134,6,46,82
T&K신림,관악구 시흥대로160길 39,37.4805351,126.9020964,27B,0,12,2,0,1,2,2024,1,1,2,3,14,15,15,15,2,4.92,463,29,157,277
T&K신림,관악구 시흥대로160길 39,37.4805351,126.9020964,39A,0,3,2,0,1,8,2024,1,1,2,3,14,15,15,15,2,4.92,494,27,168,299
T&K신림,관악구 시흥대로160길 39,37.4805351,126.9020964,44A,0,2,2,0,1,9,2024,1,1,2,3,14,15,15,15,2,4.92,738,40,251,447
T&K신정,양천구 오목로38길 23-5,37.523233,126.8568547,29B,0,2,2,0,1,8,2024,1,1,2,3,6,15,15,15,4,4.65,228,12,78,138
WISH희망,강동구 천호옛8길 3,37.5336471,127.1237515,40A,0,2,2,0,1,3,2024,1,1,4,3,4,15,15,15,4,4.68,344,21,116,207
WISH희망,강동구 천호대로168다길 6,37.5352313,127.1301435,29B,0,1,2,0,1,9,2024,1,1,4,3,7,15,15,15,6,4.78,38,2,13,23
YJ빌라,서대문구 응암로 142-18,37.5846218,126.9152171,29A,0,1,2,0,1,6,2024,1,1,2,2,3,11,15,15,2,4.32,244,13,83,148
강동서영스윗홈,강동구 천중로48길 9-13,37.5404493,127.1424645,35A,0,2,2,0,2,8,2024,1,1,2,3,6,15,15,15,3,4.65,136,6,47,83
경동파크빌,영등포구 대림로35나길 14,37.4974869,126.8974047,29B,0,1,2,0,1,2,2024,1,1,4,4,1,15,15,15,4,4.62,53,3,18,32
계림웨스트밸리,구로구 경인로 70,37.4906877,126.8299092,49A,0,10,2,0,1,6,2024,1,1,0,1,0,2,8,9,3,2.12,1587,87,540,960
구산유앤아이하우스3,은평구 연서로11길 29-10,37.6084261,126.9125683,20B,0,2,2,0,1,2,2024,1,1,0,3,7,9,15,15,2,4.28,63,4,22,37
구의에스하임1,광진구 광나루로30나길 15,37.5436996,127.0826158,37A,0,1,1,1,1,8,2024,1,1,2,3,2,5,15,12,2,3.67,444,24,151,269
꿈꾸지오,강남구 테헤란로53길 57-17,37.5060482,127.0437497,24A,0,1,2,0,1,8,2024,1,1,1,1,8,15,15,15,6,4.6,320,17,109,194
남양파크빌,영등포구 도림로48길 9,37.4947277,126.9011237,32A,0,2,2,0,1,7,2024,1,1,4,1,2,15,15,15,7,4.55,155,8,53,94
네스트,송파구 백제고분로48길 41-15,37.5103799,127.1175542,25B,0,3,2,0,2,8,2024,1,1,2,2,7,15,15,15,4,4.65,202,9,69,124
다드림,강북구 인수봉로55길 33-22,37.6357987,127.0108328,27B,0,15,2,0,2,7,2024,1,1,0,1,2,4,15,10,2,3.22,186,8,64,114
다드림,강북구 인수봉로55길 33-22,37.6357987,127.0108328,35B,0,1,2,0,2,8,2024,1,1,0,1,2,4,15,10,2,3.22,15,0,5,10
다온빌리지,양천구 목동중앙본로20길 35,37.5413901,126.8712665,39A,0,3,2,0,1,8,2024,1,1,2,3,3,9,15,15,2,4.25,667,36,227,404
다온에코하임,송파구 거마로9길 24-5,37.4972181,127.1436026,34A,0,1,2,0,1,10,2024,1,1,2,2,6,15,15,15,3,4.62,148,8,50,90
다움파크빌,서대문구 증가로24가길 11,37.5814956,126.9169299,21A,0,2,2,0,2,9,2024,1,1,2,2,3,4,15,15,1,3.97,88,4,30,54
다원빌,종로구 지봉로12길 11,37.5772024,127.0161933,38A,0,2,1,1,1,8,2024,1,1,2,1,2,14,15,15,10,4.4,686,37,234,415
대정이오스,구로구 오리로13길 50,37.4887771,126.8312978,29B,0,3,2,0,2,6,2024,1,1,0,1,0,0,6,5,3,1.32,118,5,40,73
더스페이스빌,서대문구 증가로8길 68-24,37.5790637,126.9268763,15A,0,2,2,0,2,8,2024,1,1,1,1,5,15,15,15,0,4.5,51,2,17,32
더존에이스빌나동,동대문구 천호대로89길 51,37.5640566,127.0690986,56C,0,2,1,1,1,9,2024,1,1,2,1,4,11,15,15,1,4.32,656,36,223,397
도원휴먼빌,중랑구 동일로123길 76,37.5987153,127.0762516,18B,0,4,2,0,2,7,2024,1,1,2,3,4,14,15,15,7,4.53,74,3,25,46
도원휴먼빌,중랑구 동일로169가길 27,37.6148225,127.0743264,19B,0,3,2,0,2,8,2024,1,1,3,1,3,15,15,15,6,4.53,51,2,17,32
독산리젠트빌,금천구 벚꽃로12길 19,37.4650486,126.8909095,26A,0,1,2,0,1,6,2024,1,1,3,4,5,3,15,15,2,4.1,92,5,31,56
동우빌라트서초,서초구 효령로46길 32-5,37.4819875,127.0086486,29B,0,1,2,0,1,5,2024,1,1,2,1,1,6,15,15,2,3.97,241,15,82,144
동원힐하스,노원구 공릉로26길 28,37.6199459,127.0795857,18A,0,1,2,0,1,9,2024,1,1,2,3,5,15,15,15,6,4.62,120,6,41,73
동일케슬,중랑구 동일로148길 43,37.6075905,127.0807803,28A,0,11,1,1,2,6,2024,1,1,2,5,3,5,15,15,2,4.12,229,10,78,141
드림네스트,송파구 가락로5길 3-75,37.4997867,127.1021518,27B,0,1,2,0,1,8,2024,1,1,2,2,7,8,15,15,4,4.3,119,6,41,72
드림빌,중랑구 숙선옹주로3길 20-3,37.6152303,127.0798201,28B,0,14,2,0,1,0,2024,1,1,3,2,5,15,15,15,5,4.63,464,29,157,278
드림빌,중랑구 숙선옹주로3길 20-3,37.6152303,127.0798201,38A,0,4,2,0,1,8,2024,1,1,3,2,5,15,15,15,5,4.63,418,23,142,253
드림하우징,마포구 와우산로21길 31-19,37.5515975,126.9219449,32A,0,1,2,0,1,10,2024,1,1,3,2,3,10,15,15,7,4.32,700,38,238,424
르비앙.휴,서대문구 포방터2다길 7,37.5987325,126.9504839,28A,0,1,2,0,2,5,2024,1,1,0,1,2,4,15,9,0,3.1,36,1,12,23
리츠하우스2,은평구 갈현로11가길 14-4,37.6064129,126.9089374,19B,0,5,2,0,2,8,2024,1,1,0,2,5,5,15,15,2,3.98,114,5,39,70
명지파크빌,영등포구 대림로16길 9,37.4928648,126.9024693,28B,0,1,2,0,2,6,2024,1,1,5,1,2,15,15,15,8,4.6,28,1,10,17
명지파크빌,영등포구 대림로16길 9,37.4928648,126.9024693,45A,0,1,2,0,1,9,2024,1,1,5,1,2,15,15,15,8,4.6,92,5,31,56
명진하이빌,구로구 부일로17길 44,37.4948854,126.8335027,20B,0,1,2,0,2,6,2024,1,1,1,1,3,2,13,9,4,2.85,12,0,4,8
명진하이빌,구로구 부일로17길 44,37.4948854,126.8335027,24B,0,2,2,0,2,7,2024,1,1,1,1,3,2,13,9,4,2.85,23,1,8,14
명진하이빌,구로구 부일로17길 44,37.4948854,126.8335027,29B,0,1,2,0,2,9,2024,1,1,1,1,3,2,13,9,4,2.85,15,0,5,10
모던하우스,구로구 개봉로15길 36-25,37.4908813,126.8536226,28B,0,3,2,0,2,7,2024,1,1,3,1,4,12,15,14,2,4.3,57,2,20,35
미래하이츠,강북구 수유로23길 31,37.6376071,127.0219502,28B,0,4,2,0,2,9,2024,1,1,3,1,8,15,15,15,3,4.7,115,5,39,71
미래하이츠,강북구 수유로23길 31,37.6376071,127.0219502,38A,0,3,2,0,1,6,2024,1,1,3,1,8,15,15,15,3,4.7,157,8,53,96
미래하이츠,강북구 수유로23길 31,37.6376071,127.0219502,43A,0,5,2,0,1,9,2024,1,1,3,1,8,15,15,15,3,4.7,520,28,177,315
민하우스2,영등포구 가마산로46가길 5,37.501031,126.899687,29B,0,3,2,0,2,6,2024,1,1,6,4,2,7,15,15,6,4.35,71,3,24,44
반포삼이하우스,서초구 주흥6길 33,37.5061851,127.0206746,34A,0,1,2,0,1,10,2024,1,1,2,1,8,15,15,15,6,4.65,761,41,259,461
백년빌,강남구 개포로24길 13,37.4781842,127.0487295,25A,0,1,2,0,1,8,2024,1,1,5,0,5,12,15,15,1,4.52,283,15,96,172
백년빌,서초구 논현로5길 24-10,37.4723222,127.0484247,25A,0,4,2,0,1,8,2024,1,1,1,1,4,8,15,15,1,4.12,518,28,176,314
백년빌,서초구 논현로7길 36,37.4723443,127.0472866,25A,0,2,2,0,1,3,2024,1,1,1,1,4,8,15,15,1,4.12,171,10,58,103
백년빌,강남구 도곡로18길 10,37.4907851,127.0380691,25A,0,1,2,0,1,5,2024,1,1,6,1,7,8,15,15,4,4.47,226,14,77,135
백년빌,강남구 학동로20길 63-6,37.5094348,127.0269964,25A,0,1,2,0,1,6,2024,1,1,3,0,10,15,15,15,8,4.73,167,9,57,101
삼정주택,영등포구 영신로47길 13-1,37.523043,126.900182,27B,0,1,2,0,1,10,2024,1,1,6,5,6,15,15,15,6,4.92,245,13,83,149
삼화에코빌2차,동대문구 답십리로65길 114,37.5776397,127.0702807,34A,0,1,0,1,1,3,2024,1,1,1,1,5,14,15,15,0,4.45,111,6,38,67
삼화에코빌2차,동대문구 답십리로65길 114,37.5776397,127.0702807,47C,0,1,1,1,1,9,2024,1,1,1,1,5,14,15,15,0,4.45,211,11,72,128
상일프라임,강동구 상일로5길 10-5,37.5492987,127.172139,23A,0,10,2,0,2,6,2024,1,1,1,1,2,6,15,11,2,3.48,151,7,52,92
상일프라임,강동구 상일로5길 10-5,37.5492987,127.172139,29A,0,9,2,0,2,8,2024,1,1,1,1,2,6,15,11,2,3.48,168,7,58,103
서도휴빌,송파구 문정로5길 3-36,37.4874288,127.1293265,26B,0,4,2,0,1,5,2024,1,1,2,4,6,7,15,15,3,4.28,466,29,158,279
서도휴빌,성북구 장월로1마길 23,37.6051719,127.0426819,46A,0,3,0,1,1,9,2024,1,1,2,4,2,12,15,15,2,4.4,463,25,158,280
서도휴빌,성북구 장월로1마길 23,37.6051719,127.0426819,48A,0,2,1,1,1,9,2024,1,1,2,4,2,12,15,15,2,4.4,388,21,132,235
서도휴파크,종로구 종로 387,37.5726373,127.0012795,18B,0,22,2,0,1,3,2024,1,1,3,0,3,15,15,15,12,4.5,1596,104,548,944
서영스윗홈,중랑구 상봉로20길 91,37.5948215,127.0983136,24B,0,2,2,0,1,2,2024,1,1,2,2,5,12,15,15,2,4.43,64,4,22,38
서전하우스,금천구 범안로12가길 31-10,37.465341,126.8938225,21B,0,6,2,0,2,6,2024,1,1,3,4,5,7,15,15,2,4.3,71,3,24,44
서전하우스,금천구 범안로12길 29-34,37.465247,126.8920619,23B,0,11,2,0,2,6,2024,1,1,3,4,5,4,15,15,2,4.15,161,7,55,99
서전하우스,금천구 범안로12길 29-34,37.465247,126.8920619,26B,0,15,2,0,2,8,2024,1,1,3,4,5,4,15,15,2,4.15,264,12,90,162
서초파크타운,서초구 반포대로5길 62,37.4817175,127.0082273,28B,0,1,2,0,1,9,2024,1,1,3,1,1,5,15,15,2,3.97,283,15,96,172
석윤주택,구로구 고척로21가길 2-9,37.5027335,126.845507,20B,0,2,2,0,2,8,2024,1,1,1,1,6,12,15,15,1,4.38,20,0,7,13
송파누리빌,송파구 백제고분로46길 41-7,37.5071714,127.1155291,36A,0,1,2,0,1,8,2024,1,1,3,3,6,15,15,15,6,4.7,284,15,97,172
스타힐스,금천구 독산로23길 19,37.4541968,126.904778,28B,0,1,2,0,2,8,2024,1,1,3,2,1,15,15,15,2,4.5,55,2,19,34
스테이온III,관악구 남부순환로 1542,37.4799015,126.9404631,26B,0,19,2,0,1,5,2024,1,1,3,1,12,15,15,15,2,4.83,1387,86,470,831
신림파크빌,관악구 남부순환로155길 30,37.4842503,126.9177018,32A,0,1,2,0,1,6,2024,1,1,2,0,15,15,15,15,1,4.85,106,5,36,65
아이빌,금천구 금하로23나길 29,37.4521989,126.9105224,28B,0,1,2,0,2,8,2024,1,1,2,2,3,15,15,15,1,4.52,16,0,5,11
아이유하임,금천구 독산로 293,37.4622358,126.9041309,29B,0,30,2,0,2,6,2024,1,1,2,4,3,14,15,15,2,4.53,682,32,234,416
에이스빌,구로구 경인로33가길 25,37.4984408,126.8534115,26A,0,1,2,0,2,4,2024,1,1,4,1,1,6,15,11,2,3.6,17,0,6,11
에코리움빌,양천구 남부순환로56가길 14,37.5312942,126.8298844,28B,0,1,2,0,1,0,2024,1,1,2,1,4,13,15,13,0,4.18,47,2,16,29
에코리움빌,양천구 남부순환로60길 12-10,37.5311303,126.8297921,34A,0,1,2,0,1,5,2024,1,1,2,1,4,13,15,13,0,4.18,98,6,33,59
엠제트하우스,금천구 범안로15길 8-13,37.4669614,126.893322,27B,0,23,2,0,2,7,2024,1,1,3,4,5,11,15,15,2,4.5,557,26,191,340
영등포구대림빌,영등포구 대림로 203,37.4987889,126.897878,28B,0,39,2,0,2,7,2024,1,1,5,4,1,13,15,15,6,4.57,1279,60,438,781
영스테이,송파구 올림픽로12길 52-8,37.507098,127.083312,31B,0,3,2,0,1,5,2024,1,1,2,1,7,15,15,15,4,4.62,608,38,206,364
영스테이,송파구 올림픽로12길 52-8,37.507098,127.083312,40A,0,1,2,0,1,10,2024,1,1,2,1,7,15,15,15,4,4.62,717,39,244,434
오크트리빌구로구,구로구 구로중앙로28다길 46,37.5017176,126.8883128,26A,0,1,2,0,1,3,2024,1,1,5,4,3,9,15,15,4,4.43,35,2,12,21
오크트리빌구로구,구로구 구로중앙로28다길 46,37.5017176,126.8883128,28A,0,14,2,0,1,5,2024,1,1,5,4,3,9,15,15,4,4.43,1367,85,463,819
오크트리빌구로구,구로구 구로중앙로28다길 46,37.5017176,126.8883128,29A,0,2,2,0,1,7,2024,1,1,5,4,3,9,15,15,4,4.43,103,5,35,63
오크트리빌구로구,구로구 구로중앙로28다길 46,37.5017176,126.8883128,29B,0,1,2,0,2,6,2024,1,1,5,4,3,9,15,15,4,4.43,61,2,21,38
오크트리빌구로구,구로구 구로중앙로28다길 46,37.5017176,126.8883128,42A,0,1,2,0,1,10,2024,1,1,5,4,3,9,15,15,4,4.43,296,16,101,179
온리유,도봉구 도당로13라길 61,37.6685065,127.036817,40A,0,1,2,0,1,6,2024,1,1,2,1,3,10,15,15,1,4.23,72,3,25,44
와이디하우스,강동구 구천면로35길 27,37.5438009,127.1304628,38A,0,3,2,0,1,2,2024,1,1,4,4,8,15,15,15,4,4.85,115,7,39,69
와이디하우스,강동구 구천면로35길 24-9,37.5443378,127.1308744,28B,0,4,2,0,2,8,2024,1,1,4,4,6,15,15,15,4,4.78,109,5,37,67
와이디하우스,강동구 구천면로35길 24-9,37.5443378,127.1308744,36A,0,8,2,0,1,5,2024,1,1,4,4,6,15,15,15,4,4.78,534,33,181,320
와이디하우스,강동구 구천면로35길 24-9,37.5443378,127.1308744,39A,0,4,2,0,1,8,2024,1,1,4,4,6,15,15,15,4,4.78,358,19,122,217
월계동참조은원룸,노원구 초안산로2라길 3-5,37.6320248,127.0574858,19A,0,2,2,0,1,5,2024,1,1,0,6,2,6,15,11,4,3.6,66,4,23,39
유케이타운,송파구 삼전로10길 54,37.5044052,127.0951628,23B,0,1,2,0,1,5,2024,1,1,2,3,12,15,15,15,3,4.85,116,7,40,69
은슬림,금천구 탑골로7길 11,37.4522075,126.9126305,19B,0,15,2,0,2,3,2024,1,1,0,1,3,15,15,15,0,4.38,87,5,30,52
은슬림,강동구 진황도로23길 20-1,37.5399289,127.1301334,26A,0,1,2,0,1,3,2024,1,1,4,4,9,15,15,15,4,4.88,34,2,12,20
은슬림,강동구 진황도로23길 20-1,37.5399289,127.1301334,26B,0,1,2,0,2,8,2024,1,1,4,4,9,15,15,15,4,4.88,49,2,17,30
은슬림,강동구 진황도로23길 22,37.5400722,127.1301253,30A,0,1,2,0,1,6,2024,1,1,4,4,9,15,15,15,4,4.88,37,2,13,22
응암에코타운,은평구 은평로16길 12,37.6002991,126.9298812,27B,0,6,2,0,1,5,2024,1,1,1,3,2,12,15,15,3,4.32,574,35,194,345
자양에스하임,광진구 아차산로46가길 10-3,37.5361213,127.0816187,29A,0,1,0,1,1,8,2024,1,1,1,3,12,15,15,15,1,4.8,389,21,132,236
정목빌,성북구 장월로28길 49,37.6167189,127.0530181,29B,0,1,2,0,1,5,2024,1,1,1,3,1,8,15,12,1,3.73,23,1,8,14
정목빌,성북구 장월로28길 49,37.6167189,127.0530181,39A,0,1,2,0,1,8,2024,1,1,1,3,1,8,15,12,1,3.73,40,2,14,24
제이씨아트빌,서대문구 명지대5길 13,37.5828313,126.9226137,26A,0,1,1,1,2,8,2024,1,1,1,2,6,2,15,15,0,3.92,40,1,14,25
주영테크빌,서대문구 증가로12가길 68,37.5808344,126.9185439,17A,0,3,1,1,2,6,2024,1,1,2,2,3,8,15,15,1,4.17,80,3,27,50
쥬빌리,금천구 범안로12길 50,37.4644296,126.8926801,29A,0,4,2,0,1,0,2024,1,1,3,4,7,4,15,15,3,4.22,301,18,102,181
쥬빌리,금천구 범안로12길 50,37.4644296,126.8926801,29A,0,2,2,0,2,8,2024,1,1,3,4,7,4,15,15,3,4.22,72,3,25,44
진흥하임시티,마포구 성미산로 21,37.5586994,126.9104162,29A,0,1,2,0,1,9,2024,1,1,0,2,3,15,15,15,3,4.42,541,29,184,328
케이디하우스,영등포구 영등포로35나길 5,37.522584,126.903701,28B,0,2,2,0,1,6,2024,1,1,4,5,8,15,15,15,6,4.88,617,34,210,373
케이앰캐슬타운,영등포구 선유서로26길 28,37.5237282,126.8889722,20B,0,2,2,0,1,7,2024,1,1,4,6,4,13,15,15,4,4.68,310,17,106,187
파인빌2,송파구 백제고분로42길 18-9,37.5046734,127.1101288,35A,0,1,2,0,1,8,2024,1,1,2,4,5,15,15,15,4,4.65,528,29,180,319
플래티넘7,강동구 진황도로27가길 21,37.5392727,127.131306,29A,0,38,2,0,1,6,2024,1,1,4,4,7,15,15,15,4,4.82,4656,256,1586,2814
하늘사랑채,구로구 고척로21가길 32-10,37.5019676,126.8443105,36A,0,1,2,0,2,8,2024,1,1,1,1,5,10,15,15,1,4.25,48,2,16,30
하늘사랑채,구로구 안양천로537가길 18-8,37.5013366,126.868445,19B,0,1,2,0,1,5,2024,1,1,1,3,0,5,15,13,2,3.67,20,1,7,12
하늘사랑채,구로구 고척로27다길 39-7,37.5055153,126.8482556,19B,0,3,2,0,2,5,2024,1,1,0,1,3,12,15,15,0,4.23,40,2,14,24
하임,관악구 난곡로30길 23,37.4714371,126.921276,44C,0,1,2,0,1,8,2024,1,1,1,0,4,15,15,15,0,4.43,194,10,66,118
해담빌,강동구 구천면로40길 7,37.5456779,127.1340925,29A,0,1,0,1,2,8,2024,1,1,4,5,6,13,15,15,3,4.72,27,1,9,17
해마루빌리지,중랑구 봉화산로2길 51,37.5998729,127.0746638,33A,0,1,2,0,1,8,2024,1,1,2,3,4,10,15,15,7,4.33,138,7,47,84
허브빌,강동구 올림픽로98가길 31-6,37.5507807,127.1314092,36A,0,1,2,0,1,8,2024,1,1,1,5,10,15,15,15,2,4.8,57,3,19,35
현도빌리지,강동구 아리수로66길 14,37.561334,127.1549548,29B,0,2,2,0,2,6,2024,1,1,2,2,1,2,15,4,1,2.52,41,1,14,26
현도빌리지,강동구 아리수로66길 14,37.561334,127.1549548,43A,0,1,2,0,2,8,2024,1,1,2,2,1,2,15,4,1,2.52,43,2,15,26
현인그린빌,서대문구 홍은중앙로8길 9,37.599012,126.9481174,17A,0,2,2,0,2,8,2024,1,1,1,1,2,5,15,7,0,2.97,36,1,12,23
홍원하이빌강북,강북구 삼양로119길 22,37.6444313,127.0148519,21B,0,1,2,0,1,2,2024,1,1,1,0,5,15,15,15,2,4.47,14,0,5,9
휘경에스하임,동대문구 망우로 109,37.5891308,127.06166,26B,0,76,2,0,1,5,2024,1,1,2,0,8,13,15,15,4,4.52,3911,245,1324,2342
휘경에스하임,동대문구 망우로 109,37.5891308,127.06166,28B,0,17,2,0,1,5,2024,1,1,2,0,8,13,15,15,4,4.52,619,38,210,371
희준빌,강남구 논현로121길 35,37.5096375,127.0296325,31B,0,1,2,0,1,9,2024,1,1,2,0,12,15,15,15,6,4.75,276,15,94,167
강동서영스윗홈,강동구 양재대로91길 84,37.5290739,127.1314815,22B,0,7,2,0,2,4,2021,2,1,2,3,7,12,15,15,3,4.53,69,4,23,42
강동서영스윗홈,강동구 양재대로91길 84,37.5290739,127.1314815,27B,0,9,2,0,2,8,2021,2,1,2,3,7,12,15,15,3,4.53,92,5,31,56
강동서영스윗홈,강동구 양재대로91길 82,37.5290271,127.1316449,21B,0,4,2,0,2,5,2021,2,1,2,3,7,12,15,15,3,4.53,37,2,12,23
강동서영스윗홈,강동구 양재대로91길 82,37.5290271,127.1316449,27B,0,11,2,0,2,7,2021,2,1,2,3,7,12,15,15,3,4.53,122,6,41,75
강동서영스윗홈,강동구 양재대로91길 82,37.5290271,127.1316449,35A,0,2,2,0,1,5,2021,2,1,2,3,7,12,15,15,3,4.53,68,4,23,41
계림웨스트밸리,구로구 경인로 70,37.4906877,126.8299092,37A,0,5,2,0,2,8,2021,2,1,0,1,0,2,8,9,3,2.12,80,4,28,48
계림웨스트밸리,구로구 경인로 70,37.4906877,126.8299092,49A,0,101,2,0,2,6,2021,2,1,0,1,0,2,8,9,3,2.12,1227,64,415,748
광진홈,성북구 솔샘로6가길 42,37.6106665,127.0071979,17,0,2,2,0,2,7,2021,2,1,1,0,7,11,15,15,1,4.33,35,1,12,22
구산유앤아이하우스3,은평구 연서로11길 29-10,37.6084261,126.9125683,20B,0,12,2,0,2,5,2021,2,1,0,3,7,9,15,15,2,4.28,148,9,50,89
구산유앤아이하우스3,은평구 연서로11길 29-10,37.6084261,126.9125683,28B,0,5,2,0,2,7,2021,2,1,0,3,7,9,15,15,2,4.28,142,8,48,86
구의에스하임1,광진구 광나루로30나길 15,37.5436996,127.0826158,30,0,4,1,1,1,2,2021,2,1,2,3,2,5,15,12,2,3.67,195,13,66,116
낙원가우디움,구로구 고척로27마길 26-11,37.5060608,126.8472354,22B,0,14,2,0,3,5,2021,2,1,0,1,3,13,15,15,0,4.28,38,2,12,24
낙원가우디움,구로구 고척로27마길 26-11,37.5060608,126.8472354,28B,0,4,2,0,2,4,2021,2,1,0,1,3,13,15,15,0,4.28,20,1,7,12
다원빌,종로구 지봉로12길 11,37.5772024,127.0161933,54,0,2,1,1,1,7,2021,2,1,2,1,2,14,15,15,10,4.4,258,15,85,158
더스페이스빌,서대문구 증가로8길 68-24,37.5790637,126.9268763,15,0,1,2,0,1,4,2021,2,1,1,1,5,15,15,15,0,4.5,50,3,17,30
더존에이스빌가동,동대문구 천호대로89길 51,37.5640566,127.0690986,54,0,6,0,1,1,6,2021,2,1,2,1,4,11,15,15,1,4.32,235,14,78,143
더존에이스빌나동,동대문구 천호대로89길 51,37.5640566,127.0690986,54,0,1,1,1,1,10,2021,2,1,2,1,4,11,15,15,1,4.32,112,6,37,69
도원휴먼빌,중랑구 동일로123길 76,37.5987153,127.0762516,18B,0,19,2,0,2,7,2021,2,1,2,3,4,14,15,15,7,4.53,147,8,49,90
도원휴먼빌,중랑구 동일로123길 76,37.5987153,127.0762516,24B,0,2,2,0,1,2,2021,2,1,2,3,4,14,15,15,7,4.53,28,2,10,16
도원휴먼빌,중랑구 동일로169가길 27,37.6148225,127.0743264,19B,0,13,2,0,2,5,2021,2,1,3,1,3,15,15,15,6,4.53,126,8,43,75
도원휴먼빌,중랑구 동일로169가길 27,37.6148225,127.0743264,28B,0,3,2,0,1,2,2021,2,1,3,1,3,15,15,15,6,4.53,67,4,22,41
도원휴먼빌,중랑구 동일로169가길 27,37.6148225,127.0743264,37A,0,1,2,0,1,6,2021,2,1,3,1,3,15,15,15,6,4.53,49,3,17,29
독산로33길32B동,금천구 독산로33길 32,37.4569577,126.9036612,30,0,1,0,1,3,3,2021,2,1,3,3,1,15,15,15,2,4.53,6,0,2,4
드림빌,성북구 서경로13길 31,37.6098363,127.0142845,14,0,2,2,0,2,5,2021,2,1,2,1,2,15,15,15,2,4.45,17,1,6,10
드림빌2차,성북구 서경로13길 33,37.6099411,127.014193,15,0,2,2,0,1,4,2021,2,1,1,1,2,15,15,15,2,4.4,17,1,6,10
르비앙휴,서대문구 증가로8길 76-6,37.579375,126.9272485,16,0,1,2,0,1,3,2021,2,1,1,1,5,13,15,15,0,4.4,29,2,10,17
르비앙휴,서대문구 포방터2다길 7,37.5987325,126.9504839,16,0,2,2,0,1,1,2021,2,1,0,1,2,4,15,9,0,3.1,32,2,11,19
명진하이빌,구로구 부일로17길 44,37.4948854,126.8335027,20B,0,7,2,0,2,2,2021,2,1,1,1,3,2,13,9,4,2.85,20,1,7,12
명진하이빌,구로구 부일로17길 44,37.4948854,126.8335027,24B,0,11,2,0,3,7,2021,2,1,1,1,3,2,13,9,4,2.85,35,2,11,22
명진하이빌,구로구 부일로17길 44,37.4948854,126.8335027,29B,0,2,2,0,2,2,2021,2,1,1,1,3,2,13,9,4,2.85,10,0,3,7
모던하우스,구로구 개봉로15길 36-25,37.4908813,126.8536226,28B,0,16,2,0,2,2,2021,2,1,3,1,4,12,15,14,2,4.3,75,4,25,46
모던하우스,구로구 개봉로15길 36-25,37.4908813,126.8536226,33A,0,2,2,0,2,3,2021,2,1,3,1,4,12,15,14,2,4.3,20,1,7,12
백년빌,강남구 개포로24길 13,37.4781842,127.0487295,26,0,3,2,0,1,5,2021,2,1,5,0,5,12,15,15,1,4.52,154,11,51,92
백년빌,강남구 논현로57길 39,37.4907321,127.0379175,26B,0,17,2,0,1,4,2021,2,1,6,1,6,8,15,15,4,4.43,414,29,137,248
백년빌,강남구 논현로57길 39,37.4907321,127.0379175,33A,0,2,2,0,1,8,2021,2,1,6,1,6,8,15,15,4,4.43,241,15,83,143
백년빌,강남구 도곡로18길 10,37.4907851,127.0380691,27,0,16,2,0,1,3,2021,2,1,6,1,7,8,15,15,4,4.47,423,30,140,253
백년빌,서초구 논현로5길 24-10,37.4723222,127.0484247,25,0,4,2,0,1,2,2021,2,1,1,1,4,8,15,15,1,4.12,106,7,35,64
비전하우스,양천구 곰달래로1길 36-1,37.5326912,126.8316846,19B,0,9,2,0,3,5,2021,2,1,2,1,5,14,15,15,0,4.5,31,2,10,19
비전하우스,양천구 곰달래로1길 36-1,37.5326912,126.8316846,24B,0,12,2,0,3,5,2021,2,1,2,1,5,14,15,15,0,4.5,38,2,12,24
삼화에코빌2차,동대문구 답십리로65길 114,37.5776397,127.0702807,49,0,4,0,1,2,8,2021,2,1,1,1,5,14,15,15,0,4.45,51,2,17,32
서도휴빌,성북구 장월로1마길 23,37.6051719,127.0426819,45,0,8,0,1,1,3,2021,2,1,2,4,2,12,15,15,2,4.4,151,10,50,91
서도휴빌,성북구 장월로1마길 23,37.6051719,127.0426819,45,0,7,1,1,1,7,2021,2,1,2,4,2,12,15,15,2,4.4,224,13,74,137
서전하우스,금천구 범안로12가길 31-10,37.465341,126.8938225,21B,0,13,2,0,2,4,2021,2,1,3,4,5,7,15,15,2,4.3,88,5,30,53
서전하우스,금천구 범안로12가길 31-10,37.465341,126.8938225,28A,0,2,2,0,1,7,2021,2,1,3,4,5,7,15,15,2,4.3,41,2,14,25
서초파크타운,서초구 반포대로5길 62,37.4817175,127.0082273,30,0,3,2,0,1,7,2021,2,1,3,1,1,5,15,15,2,3.97,245,15,81,149
신우휴먼빌암사,강동구 암사길 83-13,37.5523368,127.1379426,27B,0,6,2,0,2,4,2021,2,1,3,2,5,12,15,15,4,4.48,47,3,16,28
신우휴먼빌암사,강동구 암사길 83-13,37.5523368,127.1379426,35A,0,4,2,0,2,5,2021,2,1,3,2,5,12,15,15,4,4.48,63,4,21,38
신우휴먼빌암사,강동구 암사길 83-13,37.5523368,127.1379426,45A,0,3,2,0,1,0,2021,2,1,3,2,5,12,15,15,4,4.48,83,5,27,51
아이빌,금천구 금하로23나길 29,37.4521989,126.9105224,28B,0,5,2,0,2,5,2021,2,1,2,2,3,15,15,15,1,4.52,22,1,7,14
아이빌,금천구 금하로23나길 29,37.4521989,126.9105224,44A,0,1,2,0,1,5,2021,2,1,2,2,3,15,15,15,1,4.52,17,1,6,10
양평에스하임2,영등포구 양평로28마길 24,37.5431199,126.8895378,38,0,4,2,0,1,5,2021,2,1,1,0,2,1,15,7,2,2.73,211,16,73,122
양평에스하임2,영등포구 양평로28마길 24,37.5431199,126.8895378,44,0,1,2,0,1,7,2021,2,1,1,0,2,1,15,7,2,2.73,75,4,25,46
에코리움빌,양천구 남부순환로56가길 14,37.5312942,126.8298844,22B,0,11,2,0,2,2,2021,2,1,2,1,4,13,15,13,0,4.18,40,2,14,24
에코리움빌,양천구 남부순환로56가길 14,37.5312942,126.8298844,28B,0,7,2,0,2,4,2021,2,1,2,1,4,13,15,13,0,4.18,45,2,15,28
에코리움빌,양천구 남부순환로60길 12-10,37.5311303,126.8297921,20B,0,15,2,0,3,5,2021,2,1,2,1,4,13,15,13,0,4.18,40,2,12,26
에코리움빌,양천구 남부순환로60길 12-10,37.5311303,126.8297921,27B,0,2,2,0,2,2,2021,2,1,2,1,4,13,15,13,0,4.18,9,0,3,6
에코리움빌,양천구 남부순환로60길 12-10,37.5311303,126.8297921,34A,0,1,2,0,1,7,2021,2,1,2,1,4,13,15,13,0,4.18,22,1,8,13
와이디하우스,강동구 구천면로35길 27,37.5438009,127.1304628,27B,0,1,2,0,2,4,2021,2,1,4,4,8,15,15,15,4,4.85,11,0,4,7
와이디하우스,강동구 구천면로35길 27,37.5438009,127.1304628,38A,0,14,2,0,2,5,2021,2,1,4,4,8,15,15,15,4,4.85,168,11,58,99
와이하우스,성동구 자동차시장3길 93,37.5587427,127.0672465,31,0,349,2,0,2,6,2021,2,1,1,1,2,6,15,15,1,3.95,3992,208,1349,2435
도봉구쌍문빌,도봉구 우이천로42가길 12,37.6536619,127.0175975,11,0,3,2,0,3,7,2021,2,1,1,0,2,3,15,9,2,3.07,10,0,3,7
월계동참조은원룸,노원구 초안산로2라길 3-5,37.6320248,127.0574858,18,0,1,2,0,1,5,2021,2,1,0,6,2,6,15,11,4,3.6,29,2,10,17
위드151,도봉구 도봉로151길 63,37.6687536,127.0396528,27,0,8,2,0,2,7,2021,2,1,2,2,4,13,15,15,1,4.45,93,5,31,57
은슬림,강동구 진황도로23길 20-1,37.5399289,127.1301334,26A,0,5,2,0,2,8,2021,2,1,4,4,9,15,15,15,4,4.88,58,3,19,36
은슬림,강동구 진황도로23길 20-1,37.5399289,127.1301334,26B,0,5,2,0,2,3,2021,2,1,4,4,9,15,15,15,4,4.88,51,3,17,31
은슬림,강동구 진황도로23길 22,37.5400722,127.1301253,30A,0,19,2,0,2,5,2021,2,1,4,4,9,15,15,15,4,4.88,231,14,77,140
은슬림,강동구 진황도로23길 22,37.5400722,127.1301253,35C,0,18,2,0,1,3,2021,2,1,4,4,9,15,15,15,4,4.88,410,29,136,245
자양에스하임,광진구 아차산로46가길 10-3,37.5361213,127.0816187,30,0,1,1,1,1,10,2021,2,1,1,3,12,15,15,15,1,4.8,117,7,40,70
제기홈,동대문구 경동시장로9가길 21,37.5821756,127.0401124,24,0,1,2,0,1,4,2021,2,1,5,3,3,15,15,13,7,4.47,52,3,18,31
천호파크빌,강동구 천중로18길 10,37.5444425,127.1299971,23,0,6,2,0,2,5,2021,2,1,4,4,6,15,15,15,4,4.78,48,3,16,29
청춘가옥,금천구 독산로50길 130-9,37.4617337,126.9115685,27,0,20,2,0,2,3,2021,2,1,0,2,1,1,8,6,0,1.78,74,4,25,45
케이앰캐슬타운,영등포구 선유서로26길 28,37.5237282,126.8889722,20B,0,18,2,0,2,7,2021,2,1,4,6,4,13,15,15,4,4.68,499,28,167,304
케이앰캐슬타운,영등포구 선유서로26길 28,37.5237282,126.8889722,30A,0,10,2,0,1,6,2021,2,1,4,6,4,13,15,15,4,4.68,916,54,312,550
하늘사랑채,구로구 고척로33나길 4,37.5037395,126.8489306,23B,0,14,2,0,2,0,2021,2,1,1,1,5,12,15,15,0,4.35,43,2,15,26
하늘사랑채,구로구 고척로33나길 4,37.5037395,126.8489306,27B,0,4,2,0,2,2,2021,2,1,1,1,5,12,15,15,0,4.35,18,1,6,11
해담빌,강동구 구천면로40길 7,37.5456779,127.1340925,23,0,1,0,1,2,5,2021,2,1,4,5,6,13,15,15,3,4.72,11,0,4,7
해담빌,서대문구 홍제내2바길 7,37.5854867,126.9373538,45,0,2,0,1,1,7,2021,2,1,3,1,2,3,15,13,1,3.67,75,4,25,46
현대그린빌,강서구 공항대로75길 47,37.5487651,126.8752006,17,0,1,2,0,1,6,2021,2,1,2,2,4,15,15,15,3,4.55,119,7,41,71
홍원하이빌강북,강북구 인수봉로82길 26,37.6457911,127.012229,23,0,22,2,0,2,2,2021,2,1,1,0,2,10,15,15,2,4.12,69,4,23,42
홍원하이빌강북,강북구 삼양로119길 22,37.6444313,127.0148519,21B,0,13,2,0,2,2,2021,2,1,1,0,5,15,15,15,2,4.47,57,3,19,35
홍원하이빌강북,강북구 삼양로119길 22,37.6444313,127.0148519,27B,0,9,2,0,2,5,2021,2,1,1,0,5,15,15,15,2,4.47,53,3,18,32
휴먼에코빌,금천구 독산로96길 27-6,37.475175,126.9051697,55,0,2,0,1,1,3,2021,2,1,3,3,4,11,15,15,1,4.43,67,4,22,41
휴먼에코빌,금천구 독산로96길 27-6,37.475175,126.9051697,42,0,1,1,1,1,10,2021,2,1,3,3,4,11,15,15,1,4.43,59,4,19,36
금천독산빌,금천구 독산로33길 34,37.4569256,126.9035418,29A,0,2,1,1,2,6,2022,2,1,3,3,1,15,15,15,2,4.53,12,0,4,8
금천독산빌,금천구 독산로33길 32,37.4569577,126.9036612,29A,0,2,0,1,3,5,2022,2,1,3,3,1,15,15,15,2,4.53,9,0,3,6
D&Dhouse,서대문구 연희로 168,37.576569,126.9342369,29B,0,19,2,0,1,7,2022,2,1,0,1,2,3,15,12,0,3.4,1051,62,358,631
HwellsPARK장충,중구 장충단로 6길 45,37.560554,127.0087367,28A,0,19,2,0,1,5,2022,2,1,2,0,0,8,15,15,9,4,1069,71,362,636
HwellsPARK천호,강동구 진황도로29길 35-3,37.5392253,127.1333878,27A,0,18,2,0,1,2,2022,2,1,4,4,9,15,15,15,4,4.88,701,46,237,418
HwellsPARK천호,강동구 진황도로29길 35-3,37.5392253,127.1333878,43C,0,1,2,0,1,8,2022,2,1,4,4,9,15,15,15,4,4.88,500,30,165,305
T&K신정,양천구 오목로38길 23-5,37.523233,126.8568547,29B,0,8,2,0,2,7,2022,2,1,2,3,6,15,15,15,4,4.65,176,9,59,108
T&K신정,양천구 오목로38길 23-5,37.523233,126.8568547,35A,0,4,2,0,1,3,2022,2,1,2,3,6,15,15,15,4,4.65,194,13,64,117
T&K신정,양천구 오목로38길 23-5,37.523233,126.8568547,39A,0,1,2,0,1,8,2022,2,1,2,3,6,15,15,15,4,4.65,42,2,14,26
T&K신정,양천구 오목로38길 23-5,37.523233,126.8568547,42A,0,2,2,0,1,3,2022,2,1,2,3,6,15,15,15,4,4.65,104,7,34,63
T&K신정,양천구 오목로38길 23-5,37.523233,126.8568547,46A,0,1,2,0,1,8,2022,2,1,2,3,6,15,15,15,4,4.65,98,5,32,61
강동서영스윗홈,강동구 천중로48길 9-13,37.5404493,127.1424645,35A,0,2,2,0,2,7,2022,2,1,2,3,6,15,15,15,3,4.65,62,3,21,38
강동서영스윗홈,강동구 양재대로91길 82,37.5290271,127.1316449,27B,0,2,2,0,2,5,2022,2,1,2,3,7,12,15,15,3,4.53,27,1,9,17
계림웨스트밸리,구로구 경인로 70,37.4906877,126.8299092,49A,0,9,2,0,1,6,2022,2,1,0,1,0,2,8,9,3,2.12,471,28,156,287
광채빌라,송파구 삼전로2길 49,37.5008151,127.0878167,28B,0,16,2,0,2,7,2022,2,1,2,1,5,13,15,15,2,4.45,378,21,126,231
구산유앤아이하우스3,은평구 연서로11길 29-10,37.6084261,126.9125683,20B,0,1,2,0,1,7,2022,2,1,0,3,7,9,15,15,2,4.28,113,7,39,67
낙원가우디움,구로구 고척로27마길 26-11,37.5060608,126.8472354,22B,0,6,2,0,3,6,2022,2,1,0,1,3,13,15,15,0,4.28,22,1,7,14
남산의아침,중구 필동로8길 50-9,37.5558909,126.9938873,28B,0,4,2,0,1,2,2022,2,1,1,0,0,0,15,5,3,2.38,112,8,37,67
남산의아침,중구 필동로8길 50-9,37.5558909,126.9938873,33A,0,2,2,0,1,5,2022,2,1,1,0,0,0,15,5,3,2.38,167,12,57,98
남산의아침,중구 필동로8길 50-9,37.5558909,126.9938873,28B,0,3,2,0,1,3,2022,2,1,1,0,0,0,15,5,3,2.38,87,6,29,52
남산의아침,중구 필동로8길 50-9,37.5558909,126.9938873,31A,0,3,2,0,1,7,2022,2,1,1,0,0,0,15,5,3,2.38,241,15,80,146
남양파크빌,영등포구 도림로48길 9,37.4947277,126.9011237,29B,0,2,2,0,1,2,2022,2,1,4,1,2,15,15,15,7,4.55,51,3,17,31
남양파크빌,영등포구 도림로48길 9,37.4947277,126.9011237,32A,0,8,2,0,1,2,2022,2,1,4,1,2,15,15,15,7,4.55,335,24,111,200
남양파크빌,영등포구 도림로48길 9,37.4947277,126.9011237,40A,0,2,2,0,1,7,2022,2,1,4,1,2,15,15,15,7,4.55,146,8,48,90
네스트,송파구 오금로46길 65,37.4946417,127.1338525,23B,0,19,2,0,2,5,2022,2,1,1,3,2,15,15,13,5,4.23,288,19,97,172
대정이오스,구로구 오리로13길 50,37.4887771,126.8312978,29B,0,2,2,0,2,7,2022,2,1,0,1,0,0,6,5,3,1.32,22,1,8,13
더하임,광진구 영화사로 35-3,37.5566896,127.0910411,27B,0,6,2,0,2,7,2022,2,1,1,0,8,15,15,15,4,4.57,159,9,53,97
더하임,광진구 영화사로 35-3,37.5566896,127.0910411,37A,0,6,2,0,1,5,2022,2,1,1,0,8,15,15,15,4,4.57,432,33,149,250
더이룸하우스,강북구 수유로 53-22,37.636336,127.0193762,32A,0,3,2,0,1,5,2022,2,1,3,1,7,15,15,15,3,4.67,50,3,17,30
더이룸하우스,강북구 수유로 53-22,37.636336,127.0193762,35A,0,7,2,0,1,5,2022,2,1,3,1,7,15,15,15,3,4.67,149,10,49,90
더이룸하우스,강북구 수유로 53-22,37.636336,127.0193762,39A,0,5,2,0,1,5,2022,2,1,3,1,7,15,15,15,3,4.67,110,7,36,67
더클래스길동2,강동구 천중로49가길 47,37.541424,127.145625,25B,0,5,2,0,2,5,2022,2,1,2,2,5,15,15,15,2,4.58,59,3,20,36
더클래스길동2,강동구 천중로49가길 47,37.541424,127.145625,36B,0,2,2,0,2,5,2022,2,1,2,2,5,15,15,15,2,4.58,30,2,10,18
더클래스길동2,강동구 천중로49가길 47,37.541424,127.145625,38A,0,1,2,0,1,7,2022,2,1,2,2,5,15,15,15,2,4.58,23,1,8,14
더클래스길동2,강동구 천중로49가길 47,37.541424,127.145625,44A,0,2,2,0,1,1,2022,2,1,2,2,5,15,15,15,2,4.58,64,4,21,39
도원휴먼빌,강북구 삼양로163가길 10,37.6590758,127.0132815,33A,0,8,2,0,2,5,2022,2,1,1,0,2,7,15,10,2,3.38,80,5,27,48
도원휴먼빌,강북구 삼양로163가길 10,37.6590758,127.0132815,36A,0,3,2,0,2,8,2022,2,1,1,0,2,7,15,10,2,3.38,43,2,15,26
도원휴먼빌,강북구 삼양로163가길 10,37.6590758,127.0132815,46A,0,1,2,0,1,5,2022,2,1,1,0,2,7,15,10,2,3.38,22,1,7,14
동명칭없음,송파구 백제고분로46길 41-7,37.5071714,127.1155291,36A,0,1,2,0,1,2,2022,2,1,3,3,6,15,15,15,6,4.7,131,10,45,76
동명칭없음,송파구 가락로5길 13-15,37.5002112,127.1008864,26B,0,6,2,0,1,5,2022,2,1,2,2,7,8,15,15,4,4.3,184,13,61,110
동명칭없음,송파구 가락로5길 13-15,37.5002112,127.1008864,50A,0,2,2,0,1,9,2022,2,1,2,2,7,8,15,15,4,4.3,374,22,124,228
동우빌라트서초,서초구 효령로46길 32-5,37.4819875,127.0086486,29B,0,1,2,0,1,10,2022,2,1,2,1,1,6,15,15,2,3.97,120,7,41,72
동일케슬,중랑구 동일로148길 43,37.6075905,127.0807803,29A,0,4,1,1,1,3,2022,2,1,2,5,3,5,15,15,2,4.12,117,8,39,70
드림빌2차,성북구 서경로13길 33,37.6099411,127.014193,16A,0,3,2,0,1,5,2022,2,1,1,1,2,15,15,15,2,4.4,73,5,25,43
명진하이빌,구로구 부일로17길 44,37.4948854,126.8335027,20B,0,3,2,0,3,6,2022,2,1,1,1,3,2,13,9,4,2.85,13,0,4,9
명진하이빌,구로구 부일로17길 44,37.4948854,126.8335027,24B,0,3,2,0,2,7,2022,2,1,1,1,3,2,13,9,4,2.85,25,1,8,16
모던하우스,구로구 개봉로15길 36-25,37.4908813,126.8536226,28B,0,2,2,0,2,4,2022,2,1,3,1,4,12,15,14,2,4.3,21,1,7,13
반포삼이하우스,서초구 주흥6길 33,37.5061851,127.0206746,29B,0,1,2,0,1,7,2022,2,1,2,1,8,15,15,15,6,4.65,174,11,60,103
백년빌,서초구 논현로5길 15-20,37.4713374,127.0497172,26A,0,1,2,0,1,7,2022,2,1,1,1,2,4,15,15,1,3.85,92,5,32,55
백년빌,강남구 도곡로18길 10,37.4907851,127.0380691,26A,0,2,2,0,2,8,2022,2,1,6,1,7,8,15,15,4,4.47,200,11,69,120
비전하우스,양천구 곰달래로1길 36-1,37.5326912,126.8316846,19B,0,2,2,0,2,5,2022,2,1,2,1,5,14,15,15,0,4.5,17,1,6,10
삼정주택,영등포구 영신로47길 13-1,37.523043,126.900182,27B,0,10,2,0,1,4,2022,2,1,6,5,6,15,15,15,6,4.92,514,36,170,308
삼정주택,영등포구 영신로47길 13-1,37.523043,126.900182,32A,0,5,2,0,1,5,2022,2,1,6,5,6,15,15,15,6,4.92,706,47,239,420
서도휴빌,송파구 문정로5길 3-34,37.4874288,127.1293265,24B,0,13,2,0,2,7,2022,2,1,2,4,6,7,15,15,3,4.28,220,12,74,134
서도휴빌,송파구 문정로5길 3-34,37.4874288,127.1293265,34A,0,3,2,0,2,5,2022,2,1,2,4,6,7,15,15,3,4.28,292,18,97,177
서도휴빌,송파구 문정로5길 3-34,37.4874288,127.1293265,40A,0,1,2,0,1,3,2022,2,1,2,4,6,7,15,15,3,4.28,117,8,38,71
서도휴빌,송파구 문정로5길 3-36,37.4874288,127.1293265,26B,0,17,2,0,1,7,2022,2,1,2,4,6,7,15,15,3,4.28,439,28,146,265
서도휴빌,송파구 문정로5길 3-36,37.4874288,127.1293265,33A,0,1,2,0,1,7,2022,2,1,2,4,6,7,15,15,3,4.28,28,1,10,17
서도휴파크,종로구 종로 387,37.5726373,127.0012795,18B,0,77,2,0,1,3,2022,2,1,3,0,3,15,15,15,12,4.5,2773,192,953,1628
서전하우스,금천구 범안로12가길 31-10,37.465341,126.8938225,21B,0,4,2,0,2,5,2022,2,1,3,4,5,7,15,15,2,4.3,36,2,12,22
서초파크타운,서초구 반포대로5길 64,37.4816929,127.008069,29A,0,1,2,0,1,8,2022,2,1,3,1,1,5,15,15,2,3.97,115,7,39,69
성내어반스,강동구 성안로9길 42-11,37.5297501,127.1289954,27B,0,8,2,0,2,5,2022,2,1,3,3,7,11,15,15,4,4.53,113,7,38,68
성내어반스,강동구 성안로9길 42-11,37.5297501,127.1289954,33A,0,4,2,0,1,5,2022,2,1,3,3,7,11,15,15,4,4.53,152,10,50,92
성신하우스,강북구 인수봉로38길 10,37.6316438,127.014278,14A,0,1,2,0,2,7,2022,2,1,3,1,4,10,15,15,2,4.32,12,0,4,8
신림파크빌,관악구 남부순환로155길 30,37.4842503,126.9177018,32A,0,9,2,0,1,6,2022,2,1,2,0,15,15,15,15,1,4.85,801,47,273,481
신림파크빌,관악구 남부순환로155길 30,37.4842503,126.9177018,36A,0,5,2,0,1,7,2022,2,1,2,0,15,15,15,15,1,4.85,375,26,130,219
신림파크빌,관악구 남부순환로155길 30,37.4842503,126.9177018,44A,0,2,2,0,1,8,2022,2,1,2,0,15,15,15,15,1,4.85,309,18,102,189
아이빌,구로구 경인로47다길 20-3,37.5036424,126.8649703,29B,0,16,2,0,2,5,2022,2,1,1,1,1,10,15,15,2,4.12,124,7,41,76
아이유하임,금천구 독산로 293,37.4622358,126.9041309,29B,0,135,2,0,2,6,2022,2,1,2,4,3,14,15,15,2,4.53,2434,126,822,1486
양평바로지음,영등포구 선유로24길 3-1,37.5232146,126.8906251,23B,0,15,2,0,2,8,2022,2,1,4,6,3,14,15,15,4,4.7,674,35,228,411
양평에스하임2,영등포구 양평로28마길 24,37.5431199,126.8895378,40A,0,1,2,0,1,5,2022,2,1,1,0,2,1,15,7,2,2.73,113,7,37,69
에코리움빌,양천구 남부순환로56가길 14,37.5312942,126.8298844,22B,0,1,2,0,2,3,2022,2,1,2,1,4,13,15,13,0,4.18,9,0,3,6
에코리움빌,양천구 남부순환로60길 12-10,37.5311303,126.8297921,20B,0,5,2,0,2,0,2022,2,1,2,1,4,13,15,13,0,4.18,45,3,15,27
예하임,구로구 오리로22나길 16-50,37.5005503,126.8327766,21A,0,24,2,0,3,5,2022,2,1,0,1,1,1,9,5,0,1.75,93,6,29,58
예하임,구로구 오리로22나길 16-50,37.5005503,126.8327766,24A,0,5,2,0,3,5,2022,2,1,0,1,1,1,9,5,0,1.75,23,1,7,15
와이하우스,성동구 자동차시장3길 93,37.5587427,127.0672465,30A,0,15,2,0,1,7,2022,2,1,1,1,2,6,15,15,1,3.95,916,54,312,550
은슬림,강동구 진황도로23길 22,37.5400722,127.1301253,30A,0,2,2,0,2,5,2022,2,1,4,4,9,15,15,15,4,4.88,37,2,13,22
은슬림,강동구 진황도로23길 22,37.5400722,127.1301253,35C,0,5,2,0,1,3,2022,2,1,4,4,9,15,15,15,4,4.88,300,21,99,180
제기홈,동대문구 경동시장로9가길 21,37.5821756,127.0401124,24A,0,1,2,0,2,7,2022,2,1,5,3,3,15,15,13,7,4.47,39,2,13,24
제이하우스,동대문구 제기로6길 38,37.5855026,127.0345993,26B,0,10,2,0,1,5,2022,2,1,2,2,7,15,15,15,4,4.65,337,24,111,202
제이하우스,동대문구 제기로6길 38,37.5855026,127.0345993,34A,0,2,2,0,1,7,2022,2,1,2,2,7,15,15,15,4,4.65,173,11,59,103
쥬빌리,금천구 범안로12길 50,37.4644296,126.8926801,30A,0,5,2,0,2,7,2022,2,1,3,4,7,4,15,15,3,4.22,159,9,53,97
지오빌,광진구 자양번영로3나길 31,37.5305356,127.0736734,32A,0,1,0,1,2,9,2022,2,1,0,1,0,8,15,15,1,3.93,149,8,51,90
천호파크빌,강동구 천중로18길 10,37.5444425,127.1299971,24A,0,4,2,0,2,5,2022,2,1,4,4,6,15,15,15,4,4.78,67,4,22,41
천호해마루,강동구 구천면로33길 37-9,37.5421351,127.1290654,26B,0,5,2,0,1,2,2022,2,1,4,4,8,15,15,15,4,4.85,85,6,28,51
천호해마루,강동구 구천면로33길 37-9,37.5421351,127.1290654,28A,0,5,2,0,2,8,2022,2,1,4,4,8,15,15,15,4,4.85,236,13,79,144
청춘가옥,금천구 독산로50길 130-9,37.4617337,126.9115685,26A,0,2,2,0,3,6,2022,2,1,0,2,1,1,8,6,0,1.78,7,0,2,5
하늘사랑채,구로구 고척로21가길 32-10,37.5019676,126.8443105,21B,0,13,2,0,2,3,2022,2,1,1,1,5,10,15,15,1,4.25,69,4,23,42
하늘사랑채,구로구 고척로21가길 32-10,37.5019676,126.8443105,30B,0,1,2,0,2,5,2022,2,1,1,1,5,10,15,15,1,4.25,32,2,11,19
하늘사랑채,구로구 고척로21가길 32-10,37.5019676,126.8443105,36A,0,1,2,0,2,7,2022,2,1,1,1,5,10,15,15,1,4.25,17,1,6,10
하늘사랑채,구로구 고척로27다길 39-11,37.5055153,126.8482556,19B,0,17,2,0,3,6,2022,2,1,0,1,3,12,15,15,0,4.23,45,2,14,29
하늘사랑채,구로구 고척로27다길 39-11,37.5055153,126.8482556,30A,0,1,2,0,2,5,2022,2,1,0,1,3,12,15,15,0,4.23,10,0,3,7
하늘사랑채,구로구 고척로27다길 39-11,37.5055153,126.8482556,36A,0,1,2,0,3,3,2022,2,1,0,1,3,12,15,15,0,4.23,27,2,9,16
하늘사랑채,구로구 고척로27다길 39-7,37.5055153,126.8482556,19B,0,17,2,0,1,2,2022,2,1,0,1,3,12,15,15,0,4.23,59,4,20,35
하늘사랑채,구로구 고척로27다길 39-7,37.5055153,126.8482556,33A,0,2,2,0,1,4,2022,2,1,0,1,3,12,15,15,0,4.23,27,1,9,17
하늘사랑채,구로구 경인로15가길 38,37.4949854,126.8380064,21B,0,7,2,0,2,5,2022,2,1,1,1,4,9,15,14,2,4.05,62,4,21,37
하늘사랑채,구로구 경인로15가길 38,37.4949854,126.8380064,30B,0,5,2,0,2,5,2022,2,1,1,1,4,9,15,14,2,4.05,55,3,18,34
하늘사랑채,구로구 경인로15가길 38,37.4949854,126.8380064,32A,0,1,2,0,2,7,2022,2,1,1,1,4,9,15,14,2,4.05,31,1,11,19
해마루빌리지,중랑구 봉화산로2길 51,37.5998729,127.0746638,33A,0,1,2,0,1,8,2022,2,1,2,3,4,10,15,15,7,4.33,140,9,48,83
허브빌,강동구 올림픽로98가길 31-6,37.5507807,127.1314092,25B,0,1,2,0,1,5,2022,2,1,1,5,10,15,15,15,2,4.8,19,1,6,12
허브빌,강동구 올림픽로98가길 31-6,37.5507807,127.1314092,32A,0,2,2,0,1,8,2022,2,1,1,5,10,15,15,15,2,4.8,100,6,34,60
허브빌,강동구 올림픽로98가길 31-6,37.5507807,127.1314092,36A,0,5,2,0,1,7,2022,2,1,1,5,10,15,15,15,2,4.8,478,33,165,280
허브빌,강동구 올림픽로98가길 31-6,37.5507807,127.1314092,40A,0,2,2,0,1,7,2022,2,1,1,5,10,15,15,15,2,4.8,172,10,57,105
현도빌리지,강동구 아리수로66길 14,37.561334,127.1549548,29B,0,4,2,0,2,4,2022,2,1,2,2,1,2,15,4,1,2.52,25,1,8,16
현도빌리지,강동구 아리수로66길 14,37.561334,127.1549548,33A,0,2,2,0,2,4,2022,2,1,2,2,1,2,15,4,1,2.52,17,1,6,10
현도빌리지,강동구 아리수로66길 14,37.561334,127.1549548,38A,0,1,2,0,1,3,2022,2,1,2,2,1,2,15,4,1,2.52,17,1,6,10
현도빌리지,강동구 아리수로66길 14,37.561334,127.1549548,43A,0,2,2,0,2,6,2022,2,1,2,2,1,2,15,4,1,2.52,30,1,10,19
현도빌리지,강동구 아리수로64길 8,37.5610542,127.153362,32B,0,1,2,0,1,3,2022,2,1,2,2,1,2,15,4,1,2.52,29,2,10,17
현도빌리지,강동구 아리수로64길 8,37.5610542,127.153362,40A,0,5,2,0,2,7,2022,2,1,2,2,1,2,15,4,1,2.52,63,3,21,39
희준빌,강남구 논현로121길 35,37.5096375,127.0296325,27B,0,8,2,0,1,5,2022,2,1,2,0,12,15,15,15,6,4.75,631,45,209,377
희준빌,강남구 논현로121길 35,37.5096375,127.0296325,31B,0,2,2,0,1,5,2022,2,1,2,0,12,15,15,15,6,4.75,108,7,37,64
희준빌,강남구 논현로121길 35,37.5096375,127.0296325,34A,0,2,2,0,1,8,2022,2,1,2,0,12,15,15,15,6,4.75,420,27,144,249
금천독산빌,금천구 독산로33길 34,37.4569256,126.9035418,29A,0,2,1,1,2,4,2023,2,1,3,3,1,15,15,15,2,4.53,46,2,16,28
HwellsPARK장충,중구 장충단로6길 45,37.560554,127.0087367,28A,0,2,2,0,1,8,2023,2,1,2,0,0,8,15,15,9,4,545,35,187,323
SH초행지붕화곡,강서구 초록마을로14길 19,37.5413095,126.8494805,21B,0,1,2,0,1,4,2023,2,1,1,0,6,3,15,15,2,3.9,89,6,31,52
SH초행지붕화곡,강서구 초록마을로14길 19,37.5413095,126.8494805,23A,0,1,2,0,1,7,2023,2,1,1,0,6,3,15,15,2,3.9,209,13,72,124
SH초행지붕화곡,강서구 초록마을로14길 19,37.5413095,126.8494805,26A,0,1,2,0,1,5,2023,2,1,1,0,6,3,15,15,2,3.9,128,9,44,75
SH초행지붕화곡,강서구 초록마을로14길 19,37.5413095,126.8494805,29A,0,4,2,0,1,7,2023,2,1,1,0,6,3,15,15,2,3.9,1408,82,482,844
T&K신림,관악구 남부순환로151길 34,37.4836232,126.9164417,27B,0,7,2,0,1,2,2023,2,1,1,0,15,15,15,15,1,4.8,336,24,111,201
T&K신림,관악구 남부순환로151길 34,37.4836232,126.9164417,29B,0,3,2,0,1,2,2023,2,1,1,0,15,15,15,15,1,4.8,103,7,34,62
T&K신림,관악구 남부순환로151길 34,37.4836232,126.9164417,38A,0,4,2,0,1,7,2023,2,1,1,0,15,15,15,15,1,4.8,476,33,165,278
T&K신림,관악구 남부순환로151길 34,37.4836232,126.9164417,52C,0,2,2,0,1,10,2023,2,1,1,0,15,15,15,15,1,4.8,1165,71,400,694
WISH,송파구 동남로2길 21-17,37.4874038,127.1240175,27B,0,8,2,0,1,5,2023,2,1,4,4,6,11,15,15,5,4.58,798,53,270,475
WISH,송파구 동남로2길 21-17,37.4874038,127.1240175,29B,0,2,2,0,1,7,2023,2,1,4,4,6,11,15,15,5,4.58,139,8,48,83
WISH,송파구 동남로2길 21-17,37.4874038,127.1240175,40A,0,2,2,0,1,8,2023,2,1,4,4,6,11,15,15,5,4.58,682,39,233,410
강남구언주빌,강남구 언주로136길 35,37.5178491,127.0383673,15A,0,1,1,1,1,8,2023,2,1,1,0,1,15,15,15,6,4.33,294,18,101,175
강동서영스윗홈,강동구 양재대로91길 84,37.5290739,127.1314815,22B,0,1,2,0,2,7,2023,2,1,2,3,7,12,15,15,3,4.53,38,2,13,23
강동서영스윗홈,강동구 양재대로91길 84,37.5290739,127.1314815,27B,0,1,2,0,1,8,2023,2,1,2,3,7,12,15,15,3,4.53,33,2,11,20
광진구천호대로빌,광진구 천호대로135길 16,37.5502514,127.0923762,28B,0,5,2,0,1,3,2023,2,1,2,1,2,10,15,15,2,4.2,228,16,75,137
광진구천호대로빌,광진구 천호대로135길 16,37.5502514,127.0923762,35A,0,3,2,0,2,5,2023,2,1,2,1,2,10,15,15,2,4.2,323,20,107,196
광진구천호대로빌,광진구 천호대로135길 16,37.5502514,127.0923762,41A,0,2,2,0,1,4,2023,2,1,2,1,2,10,15,15,2,4.2,254,17,83,154
광진구천호대로빌,광진구 천호대로135길 16,37.5502514,127.0923762,45A,0,1,2,0,1,7,2023,2,1,2,1,2,10,15,15,2,4.2,181,11,60,110
광채빌라,송파구 삼전로2길 49,37.5008151,127.0878167,28B,0,4,2,0,1,3,2023,2,1,2,1,5,13,15,15,2,4.45,196,14,65,117
구로구개봉빌,구로구 개봉로17바길 39,37.4929572,126.8512203,19A,0,1,2,0,1,6,2023,2,1,4,1,5,8,15,14,2,4.18,30,1,10,19
구의에스하임1,광진구 광나루로30나길 15,37.5436996,127.0826158,37A,0,1,1,1,1,9,2023,2,1,2,3,2,5,15,12,2,3.67,102,7,35,60
금성하이츠,송파구 가락로5길 13-15,37.5002112,127.1008864,50A,0,2,2,0,1,7,2023,2,1,2,2,7,8,15,15,4,4.3,466,28,154,284
낙원가우디움,구로구 고척로27마길 26-11,37.5060608,126.8472354,22B,0,2,2,0,2,7,2023,2,1,0,1,3,13,15,15,0,4.28,34,1,12,21
남산의아침,중구 필동로8길 50-9,37.5558909,126.9938873,33A,0,2,2,0,1,8,2023,2,1,1,0,0,0,15,5,3,2.38,513,33,176,304
남양파크빌,영등포구 도림로48길 9,37.4947277,126.9011237,40A,0,1,2,0,1,5,2023,2,1,4,1,2,15,15,15,7,4.55,40,2,13,25
남현주택,관악구 승방1길 76,37.4718971,126.9792022,26B,0,12,2,0,1,4,2023,2,1,2,1,5,5,15,15,2,4.05,840,56,284,500
남현주택,관악구 승방1길 76,37.4718971,126.9792022,30B,0,5,2,0,1,5,2023,2,1,2,1,5,5,15,15,2,4.05,319,22,105,192
남현주택,관악구 승방1길 76,37.4718971,126.9792022,34B,0,2,2,0,1,7,2023,2,1,2,1,5,5,15,15,2,4.05,139,8,48,83
네스트,송파구 오금로46길 65,37.4946417,127.1338525,23B,0,4,2,0,2,7,2023,2,1,1,3,2,15,15,13,5,4.23,93,5,31,57
다온에코하임,송파구 거마로9길 24-5,37.4972181,127.1436026,42A,0,2,2,0,1,6,2023,2,1,2,2,6,15,15,15,3,4.62,111,6,37,68
다이알로그191,은평구 갈현로11길 26-11,37.6051355,126.9077363,26A,0,6,2,0,2,7,2023,2,1,1,2,4,4,15,15,1,3.95,89,5,30,54
대림하이츠,영등포구 디지털로38길 8-12,37.4879999,126.8993505,32A,0,5,2,0,2,7,2023,2,1,5,1,1,11,15,15,7,4.37,143,8,48,87
대림하이츠,영등포구 디지털로38길 8-12,37.4879999,126.8993505,35A,0,5,2,0,1,2,2023,2,1,5,1,1,11,15,15,7,4.37,148,10,49,89
대림하이츠,영등포구 디지털로38길 8-12,37.4879999,126.8993505,45A,0,2,2,0,1,5,2023,2,1,5,1,1,11,15,15,7,4.37,88,6,29,53
대원파크빌,마포구 월드컵북로9길 17-6,37.5585768,126.9162434,28B,0,5,2,0,1,7,2023,2,1,2,1,8,3,15,15,6,4.05,563,36,187,340
대원파크빌,마포구 월드컵북로9길 17-6,37.5585768,126.9162434,34B,0,1,2,0,1,5,2023,2,1,2,1,8,3,15,15,6,4.05,105,7,36,62
대원파크빌,마포구 월드컵북로9길 17-6,37.5585768,126.9162434,37A,0,4,2,0,1,8,2023,2,1,2,1,8,3,15,15,6,4.05,1405,82,481,842
대정이오스,구로구 구로중앙로28길 35-9,37.4999565,126.8872521,27B,0,5,2,0,1,0,2023,2,1,4,4,6,11,15,15,5,4.58,111,7,37,67
대정이오스,구로구 구로중앙로28길 35-9,37.4999565,126.8872521,32A,0,4,2,0,2,8,2023,2,1,4,4,6,11,15,15,5,4.58,121,6,40,75
대정이오스,구로구 구로중앙로28길 35-9,37.4999565,126.8872521,36A,0,1,2,0,1,7,2023,2,1,4,4,6,11,15,15,5,4.58,27,1,9,17
대정이오스,구로구 구로중앙로28길 35-9,37.4999565,126.8872521,43D,0,1,2,0,1,5,2023,2,1,4,4,6,11,15,15,5,4.58,66,4,22,40
대정이오스,구로구 오리로13길 50,37.4887771,126.8312978,43A,0,1,2,0,1,7,2023,2,1,0,1,0,0,6,5,3,1.32,86,5,28,53
더엘,광진구 광나루로30가길 16-6,37.5438591,127.0827009,26B,0,9,2,0,1,5,2023,2,1,2,3,2,5,15,11,2,3.55,725,48,245,432
더엘,광진구 광나루로30가길 16-6,37.5438591,127.0827009,40A,0,3,2,0,1,7,2023,2,1,2,3,2,5,15,11,2,3.55,599,36,198,365
더클래스오금3,송파구 마천로23길 4,37.5035235,127.139406,25B,0,4,2,0,2,5,2023,2,1,1,1,4,5,15,12,3,3.62,96,6,32,58
더클래스오금3,송파구 마천로23길 4,37.5035235,127.139406,28B,0,2,2,0,2,7,2023,2,1,1,1,4,5,15,12,3,3.62,49,2,17,30
더클래스오금3,송파구 마천로23길 4,37.5035235,127.139406,37A,0,4,2,0,1,3,2023,2,1,1,1,4,5,15,12,3,3.62,208,16,72,120
더클래스오금3,송파구 마천로23길 4,37.5035235,127.139406,40A,0,2,2,0,1,7,2023,2,1,1,1,4,5,15,12,3,3.62,133,8,44,81
도담마을,송파구 토성로17길 9-1,37.5299823,127.1179099,26B,0,10,2,0,1,0,2023,2,1,1,2,4,15,15,15,2,4.5,432,31,143,258
도담마을,송파구 토성로17길 9-1,37.5299823,127.1179099,28B,0,3,2,0,1,5,2023,2,1,1,2,4,15,15,15,2,4.5,106,7,35,64
도담마을,송파구 토성로17길 9-1,37.5299823,127.1179099,32B,0,2,2,0,1,6,2023,2,1,1,2,4,15,15,15,2,4.5,103,6,35,62
"도봉구시루봉로12길10-15(명칭없음,방학동313-7)",도봉구 시루봉로12길 10-15,37.6649927,127.0308852,22B,0,18,2,0,1,7,2023,2,1,3,1,4,11,15,15,0,4.37,224,14,75,135
라온에코빌,구로구 가마산로20길 56,37.491185,126.8863441,31A,0,3,2,0,2,6,2023,2,1,2,4,6,15,15,15,4,4.68,66,3,22,41
라온에코빌,구로구 가마산로20길 56,37.491185,126.8863441,32A,0,8,2,0,2,9,2023,2,1,2,4,6,15,15,15,4,4.68,329,18,110,201
라온에코빌,구로구 가마산로20길 56,37.491185,126.8863441,37C,0,2,2,0,1,5,2023,2,1,2,4,6,15,15,15,4,4.68,218,16,75,127
라온에코빌,구로구 가마산로20길 56,37.491185,126.8863441,45C,0,1,2,0,1,7,2023,2,1,2,4,6,15,15,15,4,4.68,225,13,74,138
라티빌V,강동구 구천면로47길 30-5,37.5493751,127.1349063,28B,0,2,2,0,2,8,2023,2,1,3,5,7,11,15,15,4,4.6,42,2,14,26
라티빌V,강동구 구천면로47길 30-5,37.5493751,127.1349063,32B,0,2,2,0,1,2,2023,2,1,3,5,7,11,15,15,4,4.6,47,3,16,28
라티빌V,강동구 구천면로47길 30-5,37.5493751,127.1349063,39A,0,10,2,0,1,4,2023,2,1,3,5,7,11,15,15,4,4.6,590,40,194,356
라티빌V,강동구 구천면로47길 30-5,37.5493751,127.1349063,49A,0,2,2,0,1,7,2023,2,1,3,5,7,11,15,15,4,4.6,173,10,57,106
로프트시티,영등포구 영등포로 244,37.518779,126.9086878,20B,0,4,2,0,1,5,2023,2,1,1,3,7,15,15,15,5,4.63,530,39,178,313
리츠하우스2,은평구 갈현로11가길 14-4,37.6064129,126.9089374,25B,0,3,2,0,2,4,2023,2,1,0,2,5,5,15,15,2,3.98,43,2,14,27
마천빌,송파구 성내천로22길 1,37.4999589,127.1468828,26B,0,1,2,0,2,7,2023,2,1,2,2,6,13,15,13,2,4.28,23,1,8,14
미래하이츠,마포구 방울내로9안길 68-9,37.560787,126.8992599,27B,0,6,2,0,1,5,2023,2,1,1,1,3,2,15,15,2,3.78,495,35,164,296
미래하이츠,마포구 방울내로9안길 68-9,37.560787,126.8992599,31B,0,5,2,0,1,4,2023,2,1,1,1,3,2,15,15,2,3.78,418,30,138,250
미래하이츠,마포구 방울내로9안길 68-9,37.560787,126.8992599,35B,0,4,2,0,1,7,2023,2,1,1,1,3,2,15,15,2,3.78,292,18,97,177
미래하이츠,성북구 회기로3길 8,37.5916084,127.0376343,26B,0,2,2,0,2,7,2023,2,1,1,1,5,3,15,15,2,3.9,124,7,43,74
미래하이츠,성북구 회기로3길 8,37.5916084,127.0376343,31A,0,2,2,0,1,5,2023,2,1,1,1,5,3,15,15,2,3.9,168,12,57,99
미래하이츠,성북구 회기로3길 8,37.5916084,127.0376343,32B,0,1,2,0,2,8,2023,2,1,1,1,5,3,15,15,2,3.9,52,2,18,32
미래하이츠,성북구 회기로3길 8,37.5916084,127.0376343,38A,0,3,2,0,1,3,2023,2,1,1,1,5,3,15,15,2,3.9,223,17,77,129
미래하이츠,성북구 회기로3길 8,37.5916084,127.0376343,44A,0,5,2,0,1,5,2023,2,1,1,1,5,3,15,15,2,3.9,580,39,190,351
미래하이츠,성북구 회기로3길 8,37.5916084,127.0376343,50A,0,2,2,0,1,7,2023,2,1,1,1,5,3,15,15,2,3.9,156,9,52,95
미래하이츠,성북구 회기로3길 8,37.5916084,127.0376343,59A,0,1,2,0,1,2,2023,2,1,1,1,5,3,15,15,2,3.9,195,13,64,118
미래하이츠,영등포구 디지털로38길 4-7,37.488227,126.8994365,31A,0,2,2,0,1,7,2023,2,1,5,1,1,11,15,15,7,4.37,55,3,19,33
미래하이츠,영등포구 디지털로38길 4-7,37.488227,126.8994365,35A,0,8,2,0,1,8,2023,2,1,5,1,1,11,15,15,7,4.37,286,18,95,173
미래하이츠,영등포구 디지털로38길 4-7,37.488227,126.8994365,42A,0,2,2,0,1,10,2023,2,1,5,1,1,11,15,15,7,4.37,62,3,20,39
미아에스하임,강북구 도봉로61길 5,37.6286897,127.0247299,31B,0,5,2,0,2,7,2023,2,1,4,1,4,15,15,15,5,4.62,104,5,35,64
미아에스하임,강북구 도봉로61길 5,37.6286897,127.0247299,32B,0,9,2,0,1,2,2023,2,1,4,1,4,15,15,15,5,4.62,237,17,78,142
미아에스하임,강북구 도봉로61길 5,37.6286897,127.0247299,36B,0,7,2,0,1,0,2023,2,1,4,1,4,15,15,15,5,4.62,199,15,68,116
미아에스하임,강북구 도봉로61길 5,37.6286897,127.0247299,37A,0,17,2,0,1,5,2023,2,1,4,1,4,15,15,15,5,4.62,1372,91,464,817
미아에스하임,강북구 도봉로61길 5,37.6286897,127.0247299,41A,0,2,2,0,1,6,2023,2,1,4,1,4,15,15,15,5,4.62,154,9,51,94
북한산파크빌,강북구 삼양로169길 24-36,37.66139,127.0119902,29B,0,1,2,0,1,7,2023,2,1,0,0,0,3,15,8,2,2.83,18,1,6,11
북한산파크빌,강북구 삼양로169길 24-36,37.66139,127.0119902,38A,0,6,2,0,2,8,2023,2,1,0,0,0,3,15,8,2,2.83,108,6,38,64
북한산파크빌,강북구 삼양로169길 24-36,37.66139,127.0119902,41A,0,4,2,0,1,4,2023,2,1,0,0,0,3,15,8,2,2.83,93,6,31,56
북한산파크빌,강북구 삼양로169길 24-36,37.66139,127.0119902,54C,0,1,2,0,1,8,2023,2,1,0,0,0,3,15,8,2,2.83,222,13,73,136
삼정리버뷰,영등포구 경인로71길 74,37.5151568,126.8854762,29B,0,18,2,0,1,3,2023,2,1,2,4,2,6,15,13,4,3.87,1756,117,594,1045
삼정리버뷰,영등포구 경인로71길 74,37.5151568,126.8854762,36B,0,8,2,0,1,5,2023,2,1,2,4,2,6,15,13,4,3.87,484,37,166,281
삼화에코빌,구로구 개봉로17나길 106,37.494718,126.8501543,28B,0,11,2,0,2,7,2023,2,1,4,1,5,1,15,15,2,3.95,232,13,78,141
삼화에코빌,구로구 개봉로17나길 106,37.494718,126.8501543,32B,0,5,2,0,2,10,2023,2,1,4,1,5,1,15,15,2,3.95,108,6,36,66
삼화에코빌,구로구 개봉로17나길 106,37.494718,126.8501543,41A,0,1,2,0,1,4,2023,2,1,4,1,5,1,15,15,2,3.95,52,3,17,32
서영스윗홈,송파구 오금로27길 50-11,37.5099261,127.1216882,28B,0,3,2,0,1,7,2023,2,1,2,1,3,15,15,15,4,4.48,153,9,51,93
서영스윗홈,송파구 오금로27길 50-11,37.5099261,127.1216882,40A,0,3,2,0,1,7,2023,2,1,2,1,3,15,15,15,4,4.48,566,34,187,345
서초파크타운,서초구 반포대로5길 64,37.4816929,127.008069,29A,0,2,2,0,1,7,2023,2,1,3,1,1,5,15,15,2,3.97,609,39,209,361
서초파크타운,서초구 반포대로5길 62,37.4817175,127.0082273,28B,0,1,2,0,1,4,2023,2,1,3,1,1,5,15,15,2,3.97,119,8,41,70
성신하우스,강북구 인수봉로38길 10,37.6316438,127.014278,14A,0,3,2,0,2,7,2023,2,1,3,1,4,10,15,15,2,4.32,71,4,24,43
성지파크빌,동작구 남부순환로255길 16,37.4768289,126.970407,32A,0,1,2,0,1,10,2023,2,1,4,1,8,10,15,13,4,4.27,286,18,98,170
스테이온,강동구 천중로 157,37.5431847,127.1355536,27B,0,18,2,0,2,7,2023,2,1,3,5,5,15,15,15,3,4.73,385,21,129,235
스테이온,강동구 천중로 157,37.5431847,127.1355536,32B,0,8,2,0,2,8,2023,2,1,3,5,5,15,15,15,3,4.73,178,10,60,108
신영오피스텔,금천구 범안로11길 60,37.4682664,126.8910227,26B,0,1,2,0,1,6,2023,2,1,2,5,8,4,15,15,2,4.23,257,16,88,153
씨앤제이빌,도봉구 도당로9길 15-3,37.6628817,127.0337075,26B,0,1,2,0,1,7,2023,2,1,5,1,5,13,15,15,0,4.6,104,6,36,62
아이빌,금천구 독산로20길 13,37.4532426,126.9076616,29A,0,1,2,0,1,5,2023,2,1,2,2,4,15,15,15,1,4.55,59,4,20,35
양평에스하임2,영등포구 양평로28마길 24,37.5431199,126.8895378,27A,0,1,2,0,1,7,2023,2,1,1,0,2,1,15,7,2,2.73,163,10,56,97
에코리움빌,양천구 남부순환로56가길 14,37.5312942,126.8298844,22B,0,1,2,0,1,3,2023,2,1,2,1,4,13,15,13,0,4.18,30,2,10,18
에코리움빌,양천구 남부순환로60길 12-10,37.5311303,126.8297921,20B,0,1,2,0,1,2,2023,2,1,2,1,4,13,15,13,0,4.18,23,1,8,14
에코하임,양천구 목동중앙본로22길 52,37.5414642,126.8718608,19B,0,2,2,0,1,2,2023,2,1,1,3,3,8,15,15,2,4.15,73,5,25,43
예그리나,은평구 진흥로3길 2,37.6017437,126.9201447,29A,0,16,2,0,1,7,2023,2,1,2,4,7,15,15,15,2,4.72,1618,95,551,972
예하임,구로구 오리로22나길 16-50,37.5005503,126.8327766,21A,0,4,2,0,2,5,2023,2,1,0,1,1,1,9,5,0,1.75,52,3,18,31
오크트리빌구로구,구로구 구로중앙로28길 53-28,37.5011075,126.887814,31A,0,6,2,0,1,3,2023,2,1,5,4,4,9,15,15,5,4.47,223,16,74,133
오크트리빌구로구,구로구 구로중앙로28길 53-28,37.5011075,126.887814,32A,0,4,2,0,2,7,2023,2,1,5,4,4,9,15,15,5,4.47,123,6,41,76
오크트리빌구로구,구로구 구로중앙로28길 53-28,37.5011075,126.887814,36A,0,1,2,0,1,6,2023,2,1,5,4,4,9,15,15,5,4.47,32,2,11,19
오크트리빌구로구,구로구 구로중앙로28길 53-28,37.5011075,126.887814,42A,0,5,2,0,1,5,2023,2,1,5,4,4,9,15,15,5,4.47,354,24,116,214
와이하우스,성동구 자동차시장3길 93,37.5587427,127.0672465,30A,0,13,2,0,1,6,2023,2,1,1,1,2,6,15,15,1,3.95,1449,85,493,871
이도파크빌,관악구 남부순환로159길 35,37.4844439,126.918838,27B,0,6,2,0,2,7,2023,2,1,3,0,15,14,15,15,4,4.85,175,9,59,107
이도파크빌,관악구 남부순환로159길 35,37.4844439,126.918838,35B,0,5,2,0,1,2,2023,2,1,3,0,15,14,15,15,4,4.85,183,13,61,109
이도파크빌,관악구 남부순환로159길 35,37.4844439,126.918838,45C,0,1,2,0,1,7,2023,2,1,3,0,15,14,15,15,4,4.85,269,16,89,164
제기홈,동대문구 경동시장로9가길 21,37.5821756,127.0401124,28A,0,4,2,0,1,5,2023,2,1,5,3,3,15,15,13,7,4.47,342,24,113,205
청춘가옥,금천구 독산로50길 130-9,37.4617337,126.9115685,27A,0,1,2,0,1,0,2023,2,1,0,2,1,1,8,6,0,1.78,17,1,6,10
초행지붕,은평구 갈현로11가길 3,37.6055035,126.908241,26B,0,8,2,0,2,6,2023,2,1,1,2,4,4,15,15,2,3.95,134,7,45,82
초행지붕,은평구 갈현로11가길 3,37.6055035,126.908241,31B,0,4,2,0,2,7,2023,2,1,1,2,4,4,15,15,2,3.95,63,3,21,39
초행지붕,은평구 갈현로11가길 3,37.6055035,126.908241,26B,0,6,2,0,2,7,2023,2,1,1,2,4,4,15,15,2,3.95,107,6,36,65
초행지붕,은평구 갈현로11가길 3,37.6055035,126.908241,29B,0,4,2,0,2,7,2023,2,1,1,2,4,4,15,15,2,3.95,62,3,21,38
티엘하우스,송파구 중대로14길 6,37.4952397,127.1247874,28B,0,1,2,0,1,6,2023,2,1,4,2,6,15,15,15,7,4.72,82,5,28,49
펠리체65,강동구 진황도로27가길 29,37.5395555,127.1314346,28B,0,43,2,0,1,4,2023,2,1,4,4,7,15,15,15,4,4.82,4653,310,1575,2768
하늘사랑채,구로구 고척로27다길 39-11,37.5055153,126.8482556,19B,0,10,2,0,2,5,2023,2,1,0,1,3,12,15,15,0,4.23,148,9,50,89
현도빌리지,강동구 아리수로66길 14,37.561334,127.1549548,43A,0,1,2,0,1,3,2023,2,1,2,2,1,2,15,4,1,2.52,26,1,9,16
현도빌리지,강동구 아리수로64길 8,37.5610542,127.153362,32B,0,5,2,0,2,5,2023,2,1,2,2,1,2,15,4,1,2.52,68,4,23,41
현도빌리지,영등포구 대림로31가길 5,37.4957229,126.8964251,37A,0,10,2,0,1,2,2023,2,1,4,4,3,15,15,15,4,4.68,400,30,138,232
현도빌리지,영등포구 대림로31가길 5,37.4957229,126.8964251,48A,0,2,2,0,1,7,2023,2,1,4,4,3,15,15,15,4,4.68,99,6,33,60
현도빌리지,영등포구 대림로34길 17,37.4997075,126.900466,27B,0,2,2,0,2,6,2023,2,1,4,2,2,10,15,15,6,4.33,37,2,13,22
현도빌리지,영등포구 대림로34길 17,37.4997075,126.900466,33A,0,4,2,0,2,7,2023,2,1,4,2,2,10,15,15,6,4.33,67,3,22,42
현도빌리지,영등포구 대림로34길 17,37.4997075,126.900466,34B,0,1,2,0,2,7,2023,2,1,4,2,2,10,15,15,6,4.33,39,2,13,24
현도빌리지,영등포구 대림로34길 17,37.4997075,126.900466,36A,0,6,2,0,2,8,2023,2,1,4,2,2,10,15,15,6,4.33,129,7,45,77
휴먼에코빌,금천구 독산로96길 27-6,37.475175,126.9051697,40C,0,1,1,1,1,2,2023,2,1,3,3,4,11,15,15,1,4.43,101,6,33,62
BX201,관악구 남부순환로224길 25,37.4798198,126.9533371,15.75,0,1,2,0,1,10,2024,1,0,3,1,15,15,15,15,3,4.93,246,11,125,110
BX201,관악구 남부순환로224길 25,37.4798198,126.9533371,31.5,0,1,2,0,1,10,2024,1,0,3,1,15,15,15,15,3,4.93,988,60,489,439
THESTUDIO163,은평구 연서로27길 4,37.6179016,126.9190713,17A,0,15,2,0,1,0,2024,1,0,2,2,7,15,15,15,4,4.65,759,30,392,338
THESTUDIO163,은평구 연서로27길 4,37.6179016,126.9190713,39A,1,1,2,0,3,4,2024,1,0,2,2,7,15,15,15,4,4.65,34,2,0,32
구산주택,은평구 구산동 198-3,37.6123197,126.9148555,33B,0,1,2,0,1,10,2024,1,0,1,3,6,15,15,15,5,4.6,468,30,238,201
더써밋타워,동작구 장승배기로 174,37.5055572,126.940989,18A,0,15,2,0,1,8,2024,1,0,2,1,4,15,15,14,4,4.4,3767,155,1799,1813
더써밋타워,동작구 장승배기로 174,37.5055572,126.940989,34A,1,10,2,0,3,2,2024,1,0,2,1,4,15,15,14,4,4.4,145,4,3,138
더써밋타워,동작구 장승배기로 174,37.5055572,126.940989,34B,1,12,2,0,3,2,2024,1,0,2,1,4,15,15,14,4,4.4,101,2,0,99
더원역삼,강남구 논현로 423,37.4999198,127.0377596,30.4,0,1,2,0,1,9,2024,1,0,3,1,4,15,15,15,4,4.57,673,53,322,299
도림브라보,영등포구 도신로 59,37.5060195,126.8992392,32,0,2,2,0,1,5,2024,1,0,4,5,4,12,15,15,4,4.6,467,10,235,222
동대문역사문화공원역166tower,성동구 금호로 166,37.5556542,127.0202168,18,0,11,2,0,1,6,2024,1,0,2,1,2,8,15,13,8,3.87,1477,76,735,666
리마크빌군자,광진구 천호대로 517,37.5509,127.0892347,30.17,0,1,2,0,1,9,2024,1,0,2,1,4,15,15,15,2,4.52,700,32,364,305
리마크빌군자,광진구 천호대로 517,37.5509,127.0892347,30.41,0,1,2,0,1,10,2024,1,0,2,1,4,15,15,15,2,4.52,1340,66,663,612
리스트안암,동대문구 고산자로 568,37.590021,127.0369204,17,0,106,2,0,1,2,2024,1,0,1,2,3,6,15,15,2,4.02,3906,161,2020,1726
리스트안암,동대문구 고산자로 568,37.590021,127.0369204,20,0,6,2,0,1,8,2024,1,0,1,2,3,6,15,15,2,4.02,785,46,368,372
리스트안암,동대문구 고산자로 568,37.590021,127.0369204,40A,1,9,2,0,3,2,2024,1,0,1,2,3,6,15,15,2,4.02,46,1,0,46
리스트안암,동대문구 고산자로 568,37.590021,127.0369204,40B,1,8,2,0,3,2,2024,1,0,1,2,3,6,15,15,2,4.02,178,6,2,171
문정역마에스트로,송파구 문정동 55-6,37.4863529,127.1230552,34,0,8,2,0,1,8,2024,1,0,4,4,12,11,15,15,5,4.78,4938,241,2410,2287
비스타에코,영등포구 신길동 3608,37.4995898,126.909213,15,0,38,2,0,2,8,2024,1,0,2,0,5,10,15,15,5,4.27,1503,46,800,657
비스타에코,영등포구 신길동 3608,37.4995898,126.909213,29,0,32,2,0,1,8,2024,1,0,2,0,5,10,15,15,5,4.27,6501,268,3344,2890
상봉동양엔파트,중랑구 망우로 266,37.5969587,127.0903436,18A,0,33,2,0,1,0,2024,1,0,3,3,9,15,15,15,6,4.8,1441,60,767,615
상봉동양엔파트,중랑구 망우로 266,37.5969587,127.0903436,18B,0,8,2,0,2,9,2024,1,0,3,3,9,15,15,15,6,4.8,241,11,136,95
상봉동양엔파트,중랑구 망우로 266,37.5969587,127.0903436,18C,0,31,2,0,2,8,2024,1,0,3,3,9,15,15,15,6,4.8,1302,48,709,545
상봉동양엔파트,중랑구 망우로 266,37.5969587,127.0903436,38A,1,7,2,0,3,2,2024,1,0,3,3,9,15,15,15,6,4.8,38,1,0,37
상봉동양엔파트,중랑구 망우로 266,37.5969587,127.0903436,38B,1,7,2,0,3,2,2024,1,0,3,3,9,15,15,15,6,4.8,34,3,1,31
상봉동양엔파트,중랑구 망우로 266,37.5969587,127.0903436,38C,1,8,2,0,3,2,2024,1,0,3,3,9,15,15,15,6,4.8,84,3,0,81
상봉동양엔파트,중랑구 망우로 266,37.5969587,127.0903436,38D,1,8,2,0,3,2,2024,1,0,3,3,9,15,15,15,6,4.8,97,3,0,95
선릉역마에스트로,강남구 선릉로94길 15,37.5059822,127.0492677,22A,0,4,2,0,1,8,2024,1,0,1,1,3,15,15,15,5,4.43,840,53,399,388
선릉역마에스트로,강남구 선릉로94길 15,37.5059822,127.0492677,27A,0,1,2,0,1,8,2024,1,0,1,1,3,15,15,15,5,4.43,200,12,100,88
선정릉역모아엘가퍼스트홈,강남구 봉은사로 333,37.5109479,127.047282,14,0,2,2,0,1,8,2024,1,0,3,1,1,10,15,15,8,4.22,291,17,135,139
센터스퀘어서울대점,관악구 신림동 240-3,37.4702245,126.9385965,16,0,42,2,0,2,6,2024,1,0,1,0,15,13,15,15,2,4.7,817,27,433,358
센터스퀘어서울대점,관악구 신림동 240-3,37.4702245,126.9385965,22,0,22,2,0,1,3,2024,1,0,1,0,15,13,15,15,2,4.7,980,36,489,455
센터스퀘어서울대점,관악구 신림동 240-3,37.4702245,126.9385965,44A,1,6,2,0,3,2,2024,1,0,1,0,15,13,15,15,2,4.7,58,5,2,51
센터스퀘어서울대점,관악구 신림동 240-3,37.4702245,126.9385965,44C,1,14,2,0,3,2,2024,1,0,1,0,15,13,15,15,2,4.7,339,16,317,7
센터스퀘어서울대점,관악구 신림동 240-3,37.4702245,126.9385965,44B,0,10,2,0,2,8,2024,1,0,1,0,15,13,15,15,2,4.7,484,19,238,228
센텀힐스한강,광진구 구의강변로 57,37.5354096,127.0926055,16.39,0,1,2,0,1,10,2024,1,0,2,2,4,13,15,15,2,4.45,332,17,170,146
스타타워,서대문구 수색로6길 8,37.5715609,126.9131404,17,0,1,2,0,1,8,2024,1,0,3,2,4,15,15,15,1,4.6,233,15,118,101
어바니엘위드더스타일충정로,서대문구 경기대로 26-26,37.5613001,126.962259,17,0,3,2,0,1,8,2024,1,0,2,2,3,2,15,15,5,3.87,1080,57,497,526
어바니엘위드더스타일충정로,서대문구 경기대로 26-26,37.5613001,126.962259,35,1,3,2,0,3,2,2024,1,0,2,2,3,2,15,15,5,3.87,86,2,83,1
엘크루발산,강서구 강서로56길 44,37.5591559,126.8410836,15,0,3,2,0,1,8,2024,1,0,2,4,6,15,15,15,2,4.68,518,20,240,259
용산베르디움프렌즈,용산구 백범로99길 40,37.5354848,126.9715363,39M,0,11,2,0,2,3,2024,1,0,2,1,2,3,15,15,10,3.85,107,4,46,58
용산원효루미니,용산구 원효로97길 15,37.5413303,126.9693305,29,0,1,2,0,1,10,2024,1,0,2,2,5,14,15,15,6,4.53,1282,82,609,592
용산원효루미니,용산구 원효로97길 15,37.5413303,126.9693305,29M,0,1,0,1,1,10,2024,1,0,2,2,5,14,15,15,6,4.53,16,3,5,8
용산원효루미니,용산구 원효로97길 15,37.5413303,126.9693305,29W,0,1,1,1,1,0,2024,1,0,2,2,5,14,15,15,6,4.53,59,3,26,30
우장산역해링턴타워,강서구 강서로 231,37.5462269,126.8359477,17,0,4,2,0,1,7,2024,1,0,3,2,6,15,15,15,3,4.67,473,17,228,229
인히어쌍문,도봉구 도봉로 445,37.6458629,127.0326045,17,0,1,2,0,1,8,2024,1,0,3,1,8,15,15,15,2,4.7,152,11,84,57
잠실센트럴파크,송파구 백제고분로7길 42,37.5093226,127.0839166,35,1,3,2,0,3,2,2024,1,0,2,1,7,15,15,15,4,4.62,120,3,1,116
준타워,영등포구 영등포로62길 5,37.5158162,126.9151313,19,0,1,2,0,1,5,2024,1,0,2,2,7,8,15,15,6,4.3,206,12,104,91
준타워,영등포구 영등포로62길 5,37.5158162,126.9151313,34,0,1,2,0,1,9,2024,1,0,2,2,7,8,15,15,6,4.3,604,34,279,291
천호역한강리슈빌,강동구 천호대로 989,37.5394578,127.1223891,14,0,1,2,0,1,8,2024,1,0,3,3,4,15,15,15,4,4.63,190,6,106,78
천호역효성해링턴타워,강동구 올림픽로 610,37.549748,127.1273649,33,0,3,2,0,1,9,2024,1,0,2,4,8,15,15,15,1,4.75,2640,96,1342,1202
청계로벤하임,종로구 종로58길 44,37.5723638,127.0180829,39B,1,1,2,0,1,1,2024,1,0,3,1,10,15,15,15,10,4.77,35,2,0,34
최강타워,관악구 남부순환로180길 6,37.4839447,126.9306227,17,0,1,2,0,1,8,2024,1,0,3,1,15,15,15,15,5,4.93,166,6,94,66
최강타워,관악구 남부순환로180길 6,37.4839447,126.9306227,39A,1,7,2,0,3,2,2024,1,0,3,1,15,15,15,15,5,4.93,55,1,0,54
최강타워,관악구 남부순환로180길 6,37.4839447,126.9306227,39B,1,2,2,0,3,2,2024,1,0,3,1,15,15,15,15,5,4.93,5,0,0,6
최강타워,관악구 남부순환로180길 6,37.4839447,126.9306227,42B,1,1,2,0,1,1,2024,1,0,3,1,15,15,15,15,5,4.93,35,3,0,32
칼튼테라스,중랑구 공릉로2길 8-4,37.61175,127.0784764,16,0,1,2,0,1,10,2024,1,0,2,3,5,15,15,15,4,4.62,70,6,27,37
코네스트(CONEST),서초구 남부순환로 2567,37.4785654,127.0078252,17A,0,2,2,0,1,8,2024,1,0,0,1,1,1,15,8,2,2.8,824,41,387,397
호반베르디움스테이원,은평구 통일로 767,37.6240118,126.923912,24,0,2,2,0,1,8,2024,1,0,2,1,4,15,15,15,3,4.52,610,39,307,265
홍대크리원,마포구 토정로 131,37.545394,126.9253343,16,0,1,2,0,1,9,2024,1,0,2,2,1,3,15,14,2,3.73,402,28,213,162
힐데스하임,성동구 천호대로 416,37.5610126,127.0651049,14,0,1,2,0,1,8,2024,1,0,1,1,6,8,15,15,1,4.18,71,3,34,35
도림브라보,영등포구 도신로 59,37.5060195,126.8992392,32,0,2,2,0,2,2,2023,2,0,4,5,4,12,15,15,4,4.6,234,15,136,83
도림브라보,영등포구 도신로 59,37.5060195,126.8992392,35,1,2,2,0,1,6,2023,2,0,4,5,4,12,15,15,4,4.6,10,1,8,1
리스트강남,강남구 봉은사로 125,37.505771,127.0274316,14,0,1,2,0,1,5,2023,2,0,3,0,8,15,15,15,8,4.67,56,5,35,16
리스트강남,강남구 봉은사로 125,37.505771,127.0274316,17,0,2,2,0,1,7,2023,2,0,3,0,8,15,15,15,8,4.67,244,20,125,99
서교동효성해링턴타워,마포구 양화로 72,37.5507977,126.9167221,17,0,3,2,0,1,7,2023,2,0,2,1,5,15,15,15,5,4.55,570,40,288,242
서교동효성해링턴타워,마포구 양화로 72,37.5507977,126.9167221,37A,1,5,2,1,1,1,2023,2,0,2,1,5,15,15,15,5,4.55,65,8,57,0
서교동효성해링턴타워,마포구 양화로 72,37.5507977,126.9167221,37M,0,4,0,1,2,5,2023,2,0,2,1,5,15,15,15,5,4.55,38,6,22,10
서교동효성해링턴타워,마포구 양화로 72,37.5507977,126.9167221,37W,0,1,1,1,3,2,2023,2,0,2,1,5,15,15,15,5,4.55,17,1,4,12
서초꽃마을,서초구 반포대로27길 13,37.4896715,127.0075885,16,0,2,2,0,1,7,2023,2,0,3,1,2,12,15,15,4,4.35,530,30,290,210
선정릉역모아엘가퍼스트홈,강남구 봉은사로 333,37.5109479,127.047282,14,0,9,2,0,2,7,2023,2,0,3,1,1,10,15,15,8,4.22,398,20,205,173
선정릉역모아엘가퍼스트홈,강남구 봉은사로 333,37.5109479,127.047282,18,0,3,2,0,1,7,2023,2,0,3,1,1,10,15,15,8,4.22,93,6,56,31
선정릉역모아엘가퍼스트홈,강남구 봉은사로 333,37.5109479,127.047282,22,0,4,2,0,1,6,2023,2,0,3,1,1,10,15,15,8,4.22,500,44,232,224
센텀힐스한강,관악구 남부순환로180길 6,37.4839447,126.9306227,30.33,0,1,2,0,1,7,2023,2,0,3,1,15,15,15,15,5,4.93,273,11,144,118
센텀힐스한강,관악구 남부순환로180길 6,37.4839447,126.9306227,31.13,0,2,2,0,1,7,2023,2,0,3,1,15,15,15,15,5,4.93,699,27,377,295
센텀힐스한강,관악구 남부순환로180길 6,37.4839447,126.9306227,32.51,0,1,2,0,1,5,2023,2,0,3,1,15,15,15,15,5,4.93,332,23,159,150
스타타워,서대문구 수색로6길 8,37.5715609,126.9131404,18,0,1,2,0,1,6,2023,2,0,3,2,4,15,15,15,1,4.6,60,2,32,26
스타타워,서대문구 수색로6길 8,37.5715609,126.9131404,30,0,2,2,0,1,7,2023,2,0,3,2,4,15,15,15,1,4.6,266,15,135,116
어바니엘위드더스타일충정로,서대문구 충정로3가 480,37.5613001,126.962259,16,0,1,2,0,1,8,2023,2,0,2,2,3,2,15,15,5,3.87,440,31,246,163
어바니엘위드더스타일충정로,서대문구 충정로3가 480,37.5613001,126.962259,35,1,2,2,0,1,3,2023,2,0,2,2,3,2,15,15,5,3.87,42,2,40,0
엘크루발산,강서구 강서로56길 44,37.5591559,126.8410836,30,0,3,2,0,1,7,2023,2,0,2,4,6,15,15,15,2,4.68,428,23,234,171
와이엔타워,노원구 동일로 1000,37.6194672,127.0755657,16,0,1,2,0,1,3,2023,2,0,2,4,4,15,15,15,6,4.62,226,17,140,69
와이엔타워,노원구 동일로 1000,37.6194672,127.0755657,35,1,1,2,0,1,5,2023,2,0,2,4,4,15,15,15,6,4.62,33,8,25,0
용산베르디움프렌즈,용산구 한강로2가 2-350,37.5326655,126.9682776,19,0,2,2,0,1,9,2023,2,0,2,1,2,11,15,15,9,4.25,660,28,390,242
용산베르디움프렌즈,용산구 한강로2가 2-350,37.5326655,126.9682776,39A,0,1,2,0,1,10,2023,2,0,2,1,2,11,15,15,9,4.25,1679,113,923,643
용산베르디움프렌즈,용산구 한강로2가 2-350,37.5326655,126.9682776,39E,0,2,2,1,2,7,2023,2,0,2,1,2,11,15,15,9,4.25,854,50,408,396
용산베르디움프렌즈,용산구 한강로2가 2-350,37.5326655,126.9682776,39M,0,3,0,1,1,2,2023,2,0,2,1,2,11,15,15,9,4.25,38,4,19,15
용산베르디움프렌즈,용산구 한강로2가 2-350,37.5326655,126.9682776,39W,0,2,1,1,1,3,2023,2,0,2,1,2,11,15,15,9,4.25,78,5,32,41
용산원효루미니,용산구 원효로 1가 104,37.5413303,126.9693305,17,0,4,2,0,2,2,2023,2,0,2,2,5,14,15,15,6,4.53,639,30,332,277
용산원효루미니,용산구 원효로 1가 104,37.5413303,126.9693305,29M,0,3,0,1,1,2,2023,2,0,2,2,5,14,15,15,6,4.53,12,1,6,5
우장산역해링턴타워,강서구 강서로 231,37.5462269,126.8359477,23,0,1,2,0,1,5,2023,2,0,3,2,6,15,15,15,3,4.67,133,13,87,33
잠실센트럴파크,송파구 백제고분로7길 42,37.5093226,127.0839166,17,0,3,2,0,1,2,2023,2,0,2,1,7,15,15,15,4,4.62,69,7,30,32
잠실센트럴파크,송파구 백제고분로7길 42,37.5093226,127.0839166,21,0,23,2,0,1,5,2023,2,0,2,1,7,15,15,15,4,4.62,2373,101,1224,1048
잠실센트럴파크,송파구 백제고분로7길 42,37.5093226,127.0839166,34,0,2,2,0,1,7,2023,2,0,2,1,7,15,15,15,4,4.62,733,51,350,332
잠실센트럴파크,송파구 백제고분로7길 42,37.5093226,127.0839166,35,1,5,2,0,2,2,2023,2,0,2,1,7,15,15,15,4,4.62,17,1,16,0
잠실센트럴파크,송파구 백제고분로7길 42,37.5093226,127.0839166,43,1,9,2,0,2,2,2023,2,0,2,1,7,15,15,15,4,4.62,127,11,116,0
제이스타상봉,중랑구 봉우재로 111,37.5926937,127.085257,31,0,1,2,0,1,5,2023,2,0,3,4,11,15,15,15,8,4.9,218,12,127,79
준타워,영등포구 영등포로62길 5,37.5158162,126.9151313,15,0,4,2,0,1,0,2023,2,0,2,2,7,8,15,15,6,4.3,136,6,73,57
준타워,영등포구 영등포로62길 5,37.5158162,126.9151313,31,0,2,2,0,1,5,2023,2,0,2,2,7,8,15,15,6,4.3,75,9,40,26
준타워,영등포구 영등포로62길 5,37.5158162,126.9151313,32,0,6,2,0,1,5,2023,2,0,2,2,7,8,15,15,6,4.3,767,30,402,335
준타워,영등포구 영등포로62길 5,37.5158162,126.9151313,34,0,1,2,0,1,2,2023,2,0,2,2,7,8,15,15,6,4.3,49,5,27,17
천호역한강리슈빌,강동구 천호대로 989,37.5394578,127.1223891,14,0,1,2,0,1,6,2023,2,0,3,3,4,15,15,15,4,4.63,118,8,65,45
천호역한강리슈빌,강동구 천호대로 989,37.5394578,127.1223891,19,0,1,2,0,1,6,2023,2,0,3,3,4,15,15,15,4,4.63,182,5,109,68
천호역한강리슈빌,강동구 천호대로 989,37.5394578,127.1223891,32,0,1,2,0,1,6,2023,2,0,3,3,4,15,15,15,4,4.63,246,9,133,104
최강타워,관악구 남부순환로 180길 6,37.4839447,126.9306227,17,0,1,2,0,1,4,2023,2,0,3,1,15,15,15,15,5,4.93,18,2,10,6
최강타워,관악구 남부순환로 180길 6,37.4839447,126.9306227,18,0,9,2,0,2,0,2023,2,0,3,1,15,15,15,15,5,4.93,628,36,364,228
최강타워,관악구 남부순환로 180길 6,37.4839447,126.9306227,39A,1,13,2,0,2,0,2023,2,0,3,1,15,15,15,15,5,4.93,18,0,18,0
최강타워,관악구 남부순환로 180길 6,37.4839447,126.9306227,42A,1,8,2,0,2,2,2023,2,0,3,1,15,15,15,15,5,4.93,48,4,44,0
포레나당산,영등포구 당산로 83,37.5251247,126.8982447,17,0,4,2,0,1,7,2023,2,0,5,5,7,15,15,15,5,4.9,572,17,326,229
포레나당산,영등포구 당산로 83,37.5251247,126.8982447,26,0,8,2,0,1,10,2023,2,0,5,5,7,15,15,15,5,4.9,2447,98,1277,1072
포레나당산,영등포구 당산로 83,37.5251247,126.8982447,33,0,3,2,0,1,3,2023,2,0,5,5,7,15,15,15,5,4.9,1784,82,879,823
포레나당산,영등포구 당산로 83,37.5251247,126.8982447,36,1,4,2,0,1,2,2023,2,0,5,5,7,15,15,15,5,4.9,149,10,138,1
하트리움,동대문구 망우로 46,37.5891308,127.06166,33,0,26,2,0,1,5,2023,2,0,2,0,8,13,15,15,4,4.52,2013,143,1082,788
호반베르디움스테이원,은평구 통일로 767,37.6240118,126.923912,21,0,31,2,0,1,3,2023,2,0,2,1,4,15,15,15,3,4.52,1354,61,734,559
휘경제이스카이시티,동대문구 망우로21나길 6,37.5905001,127.0607195,26,0,1,2,0,1,7,2023,2,0,2,0,8,15,15,15,4,4.62,223,26,117,80
힐데스하임,성동구 천호대로 416,37.5610126,127.0651049,14,0,1,2,0,1,5,2023,2,0,1,1,6,8,15,15,1,4.18,69,4,39,26
Lumino,은평구 통일로 816,37.6168394,126.9239543,17A,0,25,2,0,1,5,2024,2,0,3,2,4,15,15,15,7,4.6,1886,74,945,867
Lumino,은평구 통일로 816,37.6168394,126.9239543,17D,0,17,2,0,1,5,2024,2,0,3,2,4,15,15,15,7,4.6,325,18,173,134
Lumino,은평구 통일로 816,37.6168394,126.9239543,17E,0,4,2,0,1,5,2024,2,0,3,2,4,15,15,15,7,4.6,67,2,34,31
Lumino,은평구 통일로 816,37.6168394,126.9239543,34,0,2,2,0,1,5,2024,2,0,3,2,4,15,15,15,7,4.6,2259,125,1199,935
Lumino,은평구 통일로 816,37.6168394,126.9239543,35B,1,14,2,0,1,5,2024,2,0,3,2,4,15,15,15,7,4.6,141,3,1,137
Lumino,은평구 통일로 816,37.6168394,126.9239543,35C,1,9,2,0,1,5,2024,2,0,3,2,4,15,15,15,7,4.6,89,4,2,83
건대입구역더포디엄830,광진구 자양동 8-8,37.5407963,127.0667291,20A,0,49,2,0,1,5,2024,2,0,4,2,7,15,15,15,5,4.75,2113,128,1046,939
건대입구역더포디엄830,광진구 자양동 8-8,37.5407963,127.0667291,20B,0,90,2,0,1,5,2024,2,0,4,2,7,15,15,15,5,4.75,15600,546,7696,7358
건대입구역더포디엄830,광진구 자양동 8-8,37.5407963,127.0667291,41A,1,8,2,0,1,5,2024,2,0,4,2,7,15,15,15,5,4.75,121,4,1,116
건대입구역더포디엄830,광진구 자양동 8-8,37.5407963,127.0667291,42B,1,20,2,0,1,5,2024,2,0,4,2,7,15,15,15,5,4.75,1090,19,11,1060
골든노블레스,동작구 상도로 36,37.4996091,126.9245109,18,0,1,2,0,1,5,2024,2,0,4,0,8,15,15,15,6,4.72,580,19,284,277
길동생활,강동구 양재대로 1499,37.5408397,127.1405618,17B,0,70,2,0,1,5,2024,2,0,2,4,7,15,15,15,3,4.72,2662,67,1385,1210
길동생활,강동구 양재대로 1499,37.5408397,127.1405618,32,1,3,2,0,1,5,2024,2,0,2,4,7,15,15,15,3,4.72,6,0,0,6
길동생활,강동구 양재대로 1499,37.5408397,127.1405618,34A,1,10,2,0,1,5,2024,2,0,2,4,7,15,15,15,3,4.72,15,0,0,15
길동생활,강동구 양재대로 1499,37.5408397,127.1405618,36A,1,27,2,0,1,5,2024,2,0,2,4,7,15,15,15,3,4.72,286,6,3,277
길동생활,강동구 양재대로 1501,37.5408397,127.1405618,17A,0,30,2,0,1,5,2024,2,0,2,4,7,15,15,15,3,4.72,295,4,162,129
길동생활,강동구 양재대로 1501,37.5408397,127.1405618,17B,0,15,2,0,1,5,2024,2,0,2,4,7,15,15,15,3,4.72,150,3,84,63
길동생활,강동구 양재대로 1501,37.5408397,127.1405618,31A,1,3,2,0,1,5,2024,2,0,2,4,7,15,15,15,3,4.72,2,0,0,2
길동생활,강동구 양재대로 1501,37.5408397,127.1405618,33A,1,10,2,0,1,5,2024,2,0,2,4,7,15,15,15,3,4.72,16,0,0,16
길동생활,강동구 양재대로 1501,37.5408397,127.1405618,36A,1,7,2,0,1,5,2024,2,0,2,4,7,15,15,15,3,4.72,20,0,0,20
길동생활,강동구 양재대로 1501,37.5408397,127.1405618,36B,1,6,2,0,1,5,2024,2,0,2,4,7,15,15,15,3,4.72,21,1,0,20
더클래식동작,동작구 노량진로8길 55,37.5123766,126.9385571,16,0,2,2,0,1,8,2024,2,0,1,2,5,13,15,15,6,4.43,730,33,342,355
도림브라보,영등포구 도신로 59,37.5060195,126.8992392,16,0,1,2,0,1,9,2024,2,0,4,5,4,12,15,15,4,4.6,400,16,206,178
동대문역사문화공원역166tower,성동구 금호로 166,37.5556542,127.0202168,14,0,1,2,0,1,9,2024,2,0,2,1,2,8,15,13,8,3.87,339,25,170,144
리마크빌군자,광진구 천호대로 517,37.5509,127.0892347,16.32,0,1,2,0,1,9,2024,2,0,2,1,4,15,15,15,2,4.52,226,12,124,90
문정역마에스트로,송파구 문정로 1,37.4935108,127.1342223,16,0,20,2,0,1,5,2024,2,0,1,3,2,15,15,13,3,4.23,2310,76,1074,1160
비바힐스강변,광진구 구의강변로 51,37.5354342,127.0917726,15,0,1,2,0,1,8,2024,2,0,2,2,4,11,15,15,2,4.35,78,4,33,41
비바힐스강변,광진구 구의강변로 51,37.5354342,127.0917726,31,0,1,2,0,1,9,2024,2,0,2,2,4,11,15,15,2,4.35,1915,110,905,900
COVE,동작구 남부순환로269길 8,37.4783918,126.9751923,18A,0,2,2,0,1,10,2024,2,0,5,1,9,10,15,15,5,4.58,1823,68,865,890
서교동효성해링턴타워,마포구 양화로 72,37.5507977,126.9167221,17,0,3,2,0,1,10,2024,2,0,2,1,5,15,15,15,5,4.55,2456,141,1210,1105
서교동효성해링턴타워,마포구 양화로 72,37.5507977,126.9167221,37A,1,3,2,1,1,1,2024,2,0,2,1,5,15,15,15,5,4.55,269,7,1,261
서교동효성해링턴타워,마포구 양화로 72,37.5507977,126.9167221,37M,0,6,0,1,2,6,2024,2,0,2,1,5,15,15,15,5,4.55,101,5,61,35
서교동효성해링턴타워,마포구 양화로 72,37.5507977,126.9167221,37W,0,6,1,1,2,7,2024,2,0,2,1,5,15,15,15,5,4.55,149,10,61,78
서초꽃마을,서초구 반포대로27길 13,37.4896715,127.0075885,16,0,3,2,0,1,8,2024,2,0,3,1,2,12,15,15,4,4.35,1631,75,765,791
선정릉역모아엘가퍼스트홈,강남구 봉은사로 333,37.5109479,127.047282,18,0,1,2,0,1,8,2024,2,0,3,1,1,10,15,15,8,4.22,489,30,233,226
연신내역루체스테이션,은평구 통일로 838-21,37.6182345,126.9223909,17,0,21,2,0,2,8,2024,2,0,2,2,4,15,15,15,6,4.55,1090,40,589,461
연신내역루체스테이션,은평구 통일로 838-21,37.6182345,126.9223909,35,1,3,2,0,3,2,2024,2,0,2,2,4,15,15,15,6,4.55,33,1,0,32
옥산그린타워,광진구 구의강변로 53,37.5357374,127.0918942,16A,0,1,2,0,2,6,2024,2,0,2,2,4,12,15,15,2,4.4,23,0,12,11
옥산그린타워,광진구 구의강변로 53,37.5357374,127.0918942,16C,0,2,2,0,1,3,2024,2,0,2,2,4,12,15,15,2,4.4,109,6,66,37
옥산그린타워,광진구 구의강변로 53,37.5357374,127.0918942,32A,0,2,2,0,1,8,2024,2,0,2,2,4,12,15,15,2,4.4,1361,38,715,608
옥산그린타워,광진구 구의강변로 53,37.5357374,127.0918942,32E,0,2,2,0,1,9,2024,2,0,2,2,4,12,15,15,2,4.4,700,29,359,312
와이엔타워,노원구 동일로 1000,37.6194672,127.0755657,16,0,4,2,0,2,9,2024,2,0,2,4,4,15,15,15,6,4.62,123,10,59,54
와이엔타워,노원구 동일로 1000,37.6194672,127.0755657,30,0,2,2,0,1,8,2024,2,0,2,4,4,15,15,15,6,4.62,543,43,283,217
용산베르디움프렌즈,용산구 백범로99길 40,37.5354848,126.9715363,39W,0,7,1,1,2,8,2024,2,0,2,1,2,3,15,15,10,3.85,510,23,244,243
용산원효루미니,용산구 원효로 1가 104,37.5413303,126.9693305,17,0,4,2,0,1,8,2024,2,0,2,2,5,14,15,15,6,4.53,2890,111,1400,1379
우장산역해링턴타워,강서구 강서로 231,37.5462269,126.8359477,23,0,3,2,0,1,7,2024,2,0,3,2,6,15,15,15,3,4.67,1503,57,788,658
잠실센트럴파크,송파구 백제고분로7길 42,37.5093226,127.0839166,43,1,4,2,0,1,3,2024,2,0,2,1,7,15,15,15,4,4.62,259,21,3,235
천호역한강리슈빌,강동구 천호대로 989,37.5394578,127.1223891,32,0,2,2,0,1,6,2024,2,0,3,3,4,15,15,15,4,4.63,959,33,482,444
천호역한강리슈빌,강동구 천호대로 989,37.5394578,127.1223891,33,0,1,2,0,1,9,2024,2,0,3,3,4,15,15,15,4,4.63,533,22,270,241
청계로벤하임,종로구 종로58길 44,37.5723638,127.0180829,34,0,1,2,0,1,10,2024,2,0,3,1,10,15,15,15,10,4.77,1570,96,776,698
청계로벤하임,종로구 종로58길 44,37.5723638,127.0180829,35,1,1,2,0,1,1,2024,2,0,3,1,10,15,15,15,10,4.77,29,2,1,26
태릉입구역이니티움,노원구 화랑로 419-3,37.6173983,127.0738389,20,0,18,2,0,1,5,2024,2,0,4,4,4,15,15,15,7,4.72,577,24,321,232
태릉입구역이니티움,노원구 화랑로 419-3,37.6173983,127.0738389,23,0,27,2,0,1,5,2024,2,0,4,4,4,15,15,15,7,4.72,2549,93,1331,1125
태릉입구역이니티움,노원구 화랑로 419-3,37.6173983,127.0738389,41,1,1,2,0,1,5,2024,2,0,4,4,4,15,15,15,7,4.72,21,1,0,20
태릉입구역이니티움,노원구 화랑로 419-3,37.6173983,127.0738389,44,1,1,2,0,1,5,2024,2,0,4,4,4,15,15,15,7,4.72,16,1,0,15
태릉입구역이니티움,노원구 화랑로 419-3,37.6173983,127.0738389,47,1,2,2,0,1,5,2024,2,0,4,4,4,15,15,15,7,4.72,136,9,8,119
포르투나블루,강서구 화곡로 146,37.5406894,126.837949,20,0,1,2,0,1,10,2024,2,0,3,1,7,15,15,15,3,4.67,362,18,189,155
COVE,동작구 남부순환로269길 8,37.4783918,126.9751923,18A,0,8,2,0,1,7,2023,3,0,5,1,9,10,15,15,5,4.58,2505,90,1263,1152
COVE,동작구 남부순환로269길 8,37.4783918,126.9751923,18B,0,3,2,0,1,7,2023,3,0,5,1,9,10,15,15,5,4.58,534,27,255,252
COVE,동작구 남부순환로269길 8,37.4783918,126.9751923,18C,0,3,2,0,2,2,2023,3,0,5,1,9,10,15,15,5,4.58,2220,94,1109,1017
COVE,동작구 남부순환로269길 8,37.4783918,126.9751923,21,0,1,2,0,1,6,2023,3,0,5,1,9,10,15,15,5,4.58,801,33,382,386
COVE,동작구 남부순환로269길 8,37.4783918,126.9751923,36,1,4,2,0,2,2,2023,3,0,5,1,9,10,15,15,5,4.58,157,15,142,0
COVE,동작구 남부순환로269길 8,37.4783918,126.9751923,37,1,3,2,0,2,2,2023,3,0,5,1,9,10,15,15,5,4.58,128,8,119,1
골든노블레스,동작구 상도로 36,37.4996091,126.9245109,18,0,17,2,0,2,4,2023,3,0,4,0,8,15,15,15,6,4.72,3256,113,1723,1420
더원역삼,강남구 논현로 423,37.4999198,127.0377596,30.19,0,1,2,0,2,2,2023,3,0,3,1,4,15,15,15,4,4.57,1059,95,473,491
더클래식동작,동작구 노량진로8길 55,37.5123766,126.9385571,16,0,1,2,0,1,5,2023,3,0,1,2,5,13,15,15,6,4.43,281,14,141,126
리스트강남,강남구 봉은사로 125,37.505771,127.0274316,14,0,2,2,0,1,7,2023,3,0,3,0,8,15,15,15,8,4.67,660,62,302,296
문정역마에스트로,송파구 문정로 1,37.4935108,127.1342223,16,0,86,2,0,1,7,2023,3,0,1,3,2,15,15,13,3,4.23,8306,285,4176,3845
문정역마에스트로,송파구 문정로 1,37.4935108,127.1342223,20,0,8,2,0,1,8,2023,3,0,1,3,2,15,15,13,3,4.23,623,32,311,280
문정역마에스트로,송파구 문정로 1,37.4935108,127.1342223,26A,0,1,2,0,1,10,2023,3,0,1,3,2,15,15,13,3,4.23,54,8,20,26
문정역마에스트로,송파구 문정로 1,37.4935108,127.1342223,26B,0,8,2,0,1,7,2023,3,0,1,3,2,15,15,13,3,4.23,2862,105,1407,1350
문정역마에스트로,송파구 문정로 1,37.4935108,127.1342223,29,0,5,2,0,1,3,2023,3,0,1,3,2,15,15,13,3,4.23,2396,142,1180,1074
문정역마에스트로,송파구 문정로 1,37.4935108,127.1342223,30,0,6,2,0,1,7,2023,3,0,1,3,2,15,15,13,3,4.23,1069,50,523,496
문정역마에스트로,송파구 문정로 1,37.4935108,127.1342223,31,0,7,2,0,2,7,2023,3,0,1,3,2,15,15,13,3,4.23,1837,78,866,893
문정역마에스트로,송파구 문정로 1,37.4935108,127.1342223,33,0,6,2,0,1,7,2023,3,0,1,3,2,15,15,13,3,4.23,4490,234,2179,2077
문정역마에스트로,송파구 문정로 1,37.4935108,127.1342223,34,1,17,2,0,1,3,2023,3,0,1,3,2,15,15,13,3,4.23,254,18,235,1
문정역마에스트로,송파구 문정로 1,37.4935108,127.1342223,35,1,9,2,0,1,8,2023,3,0,1,3,2,15,15,13,3,4.23,154,18,135,1
비바힐스강변,광진구 구의강변로 51,37.5354342,127.0917726,32,0,1,2,0,1,4,2023,3,0,2,2,4,11,15,15,2,4.35,1537,111,776,650
서교동효성해링턴타워,마포구 양화로 72,37.5507977,126.9167221,37A,1,1,2,0,1,4,2023,3,0,2,1,5,15,15,15,5,4.55,89,1,88,0
서교동효성해링턴타워,마포구 양화로 72,37.5507977,126.9167221,37M,0,3,0,1,1,7,2023,3,0,2,1,5,15,15,15,5,4.55,140,19,75,46
서교동효성해링턴타워,마포구 양화로 72,37.5507977,126.9167221,37W,0,2,1,1,1,8,2023,3,0,2,1,5,15,15,15,5,4.55,215,11,109,95
서초꽃마을,서초구 반포대로27길 13,37.4896715,127.0075885,16,0,2,2,0,2,5,2023,3,0,3,1,2,12,15,15,4,4.35,667,34,314,319
선정릉역모아엘가퍼스트홈,강남구 봉은사로 333,37.5109479,127.047282,20,0,1,2,0,1,7,2023,3,0,3,1,1,10,15,15,8,4.22,527,43,254,230
센터스퀘어등촌,"강서구 공항대로 543 (염창동,센터스퀘어)",37.5507664,126.8663927,18,0,4,2,0,1,10,2023,3,0,2,3,6,15,15,15,3,4.65,1259,55,676,528
어바니엘위드더스타일충정로,서대문구 충정로3가 480,37.5613001,126.962259,16,0,1,2,0,2,5,2023,3,0,2,2,3,2,15,15,5,3.87,845,50,400,395
엘크루발산,강서구 강서로56길 44,37.5591559,126.8410836,30,0,3,2,0,1,4,2023,3,0,2,4,6,15,15,15,2,4.68,1892,83,978,831
연신내역루체스테이션,은평구 불광동 323-11,37.6186988,126.9233337,17,0,64,2,0,1,3,2023,3,0,2,2,4,15,15,15,6,4.55,5392,217,2882,2293
연신내역루체스테이션,은평구 불광동 323-11,37.6186988,126.9233337,35,1,10,2,0,1,5,2023,3,0,2,2,4,15,15,15,6,4.55,43,5,38,0
와이엔타워,노원구 공릉동 617-3,37.6194672,127.0755657,16,0,2,2,0,1,8,2023,3,0,2,4,4,15,15,15,6,4.62,454,24,250,180
용산베르디움프렌즈,용산구 한강로2가 426,37.5354848,126.9715363,19,0,2,2,0,1,4,2023,3,0,2,1,2,3,15,15,10,3.85,3306,219,1647,1440
용산베르디움프렌즈,용산구 한강로2가 426,37.5354848,126.9715363,39M,0,7,0,1,1,7,2023,3,0,2,1,2,3,15,15,10,3.85,165,16,81,68
용산베르디움프렌즈,용산구 한강로2가 426,37.5354848,126.9715363,39W,0,2,1,1,1,5,2023,3,0,2,1,2,3,15,15,10,3.85,195,11,89,95
우장산역해링턴타워,강서구 강서로 231,37.5462269,126.8359477,23,0,1,2,0,1,3,2023,3,0,3,2,6,15,15,15,3,4.67,401,14,235,152
인히어쌍문,도봉구 도봉로 445,37.6458629,127.0326045,19,0,3,2,0,1,7,2023,3,0,3,1,8,15,15,15,2,4.7,575,39,322,214
잠실센트럴파크,송파구 백제고분로7길 42,37.5093226,127.0839166,43,1,2,2,0,1,5,2023,3,0,2,1,7,15,15,15,4,4.62,130,17,111,2
중구광희빌,중구 마른내로 159-4,37.5648605,127.0059198,15,0,1,2,0,1,3,2023,3,0,3,0,1,13,15,15,13,4.33,232,18,118,96
천호역효성해링턴타워,강동구 성내동 609,37.5304933,127.128992,16,0,54,2,0,1,7,2023,3,0,4,3,6,11,15,15,5,4.55,3658,98,1907,1653
천호역효성해링턴타워,강동구 성내동 609,37.5304933,127.128992,33,0,14,2,0,1,8,2023,3,0,4,3,6,11,15,15,5,4.55,8641,381,4384,3876
천호역효성해링턴타워,강동구 성내동 609,37.5304933,127.128992,35A,1,5,2,0,1,8,2023,3,0,4,3,6,11,15,15,5,4.55,293,30,263,0
청계로벤하임,종로구 숭인동 240-1,37.5713941,127.0183544,29,0,1,2,0,1,7,2023,3,0,3,1,10,15,15,15,10,4.77,327,27,170,130
청계로벤하임,종로구 숭인동 240-1,37.5713941,127.0183544,30,0,5,2,0,1,7,2023,3,0,3,1,10,15,15,15,10,4.77,2016,90,1050,876
청계로벤하임,종로구 숭인동 240-1,37.5713941,127.0183544,34,0,1,2,0,1,4,2023,3,0,3,1,10,15,15,15,10,4.77,755,43,404,308
청계로벤하임,종로구 숭인동 240-1,37.5713941,127.0183544,35,1,1,2,0,1,7,2023,3,0,3,1,10,15,15,15,10,4.77,3,0,3,0
청계로벤하임,종로구 숭인동 240-1,37.5713941,127.0183544,39A,1,1,2,0,1,7,2023,3,0,3,1,10,15,15,15,10,4.77,38,6,32,0
최강타워,관악구 남부순환로180길 6,37.4839447,126.9306227,18,0,1,2,0,1,3,2023,3,0,3,1,15,15,15,15,5,4.93,426,29,229,168
하트리움,동대문구 망우로 46,37.5891308,127.06166,15,0,3,2,0,1,8,2023,3,0,2,0,8,13,15,15,4,4.52,801,59,404,338
호반베르디움스테이원,은평구 통일로 767,37.6240118,126.923912,36A,1,67,2,0,1,3,2023,3,0,2,1,4,15,15,15,3,4.52,273,17,256,0
호반베르디움스테이원,은평구 통일로 767,37.6240118,126.923912,36B,1,67,2,0,2,2,2023,3,0,2,1,4,15,15,15,3,4.52,455,14,425,16
,,,,,,,,,,,,,,,,,,,,,,,,,
,,,,,,,,,,,,,,,,,,,,,,,,,
,,,,,,,,,,,,,,,,,,,,,,,,,
,,,,,,,,,,,,,,,,,,,,,,,,,
,,,,,,,,,,,,,,,,,,,,,,,,,
,,,,,,,,,,,,,,,,,,,,,,,,,
,,,,,,,,,,,,,,,,,,,,,,,,,
,,,,,,,,,,,,,,,,,,,,,,,,,
,,,,,,,,,,,,,,,,,,,,,,,,,
,,,,,,,,,,,,,,,,,,,,,,,,,
,,,,,,,,,,,,,,,,,,,,,,,,,
,,,,,,,,,,,,,,,,,,,,,,,,,
,,,,,,,,,,,,,,,,,,,,,,,,,
,,,,,,,,,,,,,,,,,,,,,,,,,
,,,,,,,,,,,,,,,,,,,,,,,,,
,,,,,,,,,,,,,,,,,,,,,,,,,
,,,,,,,,,,,,,,,,,,,,,,,,,
,,,,,,,,,,,,,,,,,,,,,,,,,
,,,,,,,,,,,,,,,,,,,,,,,,,
,,,,,,,,,,,,,,,,,,,,,,,,,
,,,,,,,,,,,,,,,,,,,,,,,,,
,,,,,,,,,,,,,,,,,,,,,,,,,
,,,,,,,,,,,,,,,,,,,,,,,,,
,,,,,,,,,,,,,,,,,,,,,,,,,
,,,,,,,,,,,,,,,,,,,,,,,,,
,,,,,,,,,,,,,,,,,,,,,,,,,
,,,,,,,,,,,,,,,,,,,,,,,,,
,,,,,,,,,,,,,,,,,,,,,,,,,
,,,,,,,,,,,,,,,,,,,,,,,,,
,,,,,,,,,,,,,,,,,,,,,,,,,
,,,,,,,,,,,,,,,,,,,,,,,,,
,,,,,,,,,,,,,,,,,,,,,,,,,
,,,,,,,,,,,,,,,,,,,,,,,,,
,,,,,,,,,,,,,,,,,,,,,,,,,
,,,,,,,,,,,,,,,,,,,,,,,,,
,,,,,,,,,,,,,,,,,,,,,,,,,
,,,,,,,,,,,,,,,,,,,,,,,,,
,,,,,,,,,,,,,,,,,,,,,,,,,
,,,,,,,,,,,,,,,,,,,,,,,,,
,,,,,,,,,,,,,,,,,,,,,,,,,
,,,,,,,,,,,,,,,,,,,,,,,,,
,,,,,,,,,,,,,,,,,,,,,,,,,
,,,,,,,,,,,,,,,,,,,,,,,,,
,,,,,,,,,,,,,,,,,,,,,,,,,
,,,,,,,,,,,,,,,,,,,,,,,,,
,,,,,,,,,,,,,,,,,,,,,,,,,
,,,,,,,,,,,,,,,,,,,,,,,,,
,,,,,,,,,,,,,,,,,,,,,,,,,
,,,,,,,,,,,,,,,,,,,,,,,,,
,,,,,,,,,,,,,,,,,,,,,,,,,
,,,,,,,,,,,,,,,,,,,,,,,,,
,,,,,,,,,,,,,,,,,,,,,,,,,
,,,,,,,,,,,,,,,,,,,,,,,,,
,,,,,,,,,,,,,,,,,,,,,,,,,
,,,,,,,,,,,,,,,,,,,,,,,,,
,,,,,,,,,,,,,,,,,,,,,,,,,
,,,,,,,,,,,,,,,,,,,,,,,,,
,,,,,,,,,,,,,,,,,,,,,,,,,
,,,,,,,,,,,,,,,,,,,,,,,,,
,,,,,,,,,,,,,,,,,,,,,,,,,
,,,,,,,,,,,,,,,,,,,,,,,,,
,,,,,,,,,,,,,,,,,,,,,,,,,
,,,,,,,,,,,,,,,,,,,,,,,,,
,,,,,,,,,,,,,,,,,,,,,,,,,
,,,,,,,,,,,,,,,,,,,,,,,,,
,,,,,,,,,,,,,,,,,,,,,,,,,
,,,,,,,,,,,,,,,,,,,,,,,,,
,,,,,,,,,,,,,,,,,,,,,,,,,
,,,,,,,,,,,,,,,,,,,,,,,,,
,,,,,,,,,,,,,,,,,,,,,,,,,
,,,,,,,,,,,,,,,,,,,,,,,,,
,,,,,,,,,,,,,,,,,,,,,,,,,
,,,,,,,,,,,,,,,,,,,,,,,,,
,,,,,,,,,,,,,,,,,,,,,,,,,
,,,,,,,,,,,,,,,,,,,,,,,,,
,,,,,,,,,,,,,,,,,,,,,,,,,
,,,,,,,,,,,,,,,,,,,,,,,,,
,,,,,,,,,,,,,,,,,,,,,,,,,
,,,,,,,,,,,,,,,,,,,,,,,,,
,,,,,,,,,,,,,,,,,,,,,,,,,
,,,,,,,,,,,,,,,,,,,,,,,,,
,,,,,,,,,,,,,,,,,,,,,,,,,
,,,,,,,,,,,,,,,,,,,,,,,,,
,,,,,,,,,,,,,,,,,,,,,,,,,
,,,,,,,,,,,,,,,,,,,,,,,,,
,,,,,,,,,,,,,,,,,,,,,,,,,
,,,,,,,,,,,,,,,,,,,,,,,,,
,,,,,,,,,,,,,,,,,,,,,,,,,
,,,,,,,,,,,,,,,,,,,,,,,,,
,,,,,,,,,,,,,,,,,,,,,,,,,
,,,,,,,,,,,,,,,,,,,,,,,,,
,,,,,,,,,,,,,,,,,,,,,,,,,
,,,,,,,,,,,,,,,,,,,,,,,,,
,,,,,,,,,,,,,,,,,,,,,,,,,
,,,,,,,,,,,,,,,,,,,,,,,,,
,,,,,,,,,,,,,,,,,,,,,,,,,
,,,,,,,,,,,,,,,,,,,,,,,,,
,,,,,,,,,,,,,,,,,,,,,,,,,
,,,,,,,,,,,,,,,,,,,,,,,,,
,,,,,,,,,,,,,,,,,,,,,,,,,
,,,,,,,,,,,,,,,,,,,,,,,,,
,,,,,,,,,,,,,,,,,,,,,,,,,
,,,,,,,,,,,,,,,,,,,,,,,,,
,,,,,,,,,,,,,,,,,,,,,,,,,
,,,,,,,,,,,,,,,,,,,,,,,,,
,,,,,,,,,,,,,,,,,,,,,,,,,
,,,,,,,,,,,,,,,,,,,,,,,,,
,,,,,,,,,,,,,,,,,,,,,,,,,
,,,,,,,,,,,,,,,,,,,,,,,,,
,,,,,,,,,,,,,,,,,,,,,,,,,
,,,,,,,,,,,,,,,,,,,,,,,,,
,,,,,,,,,,,,,,,,,,,,,,,,,
,,,,,,,,,,,,,,,,,,,,,,,,,
,,,,,,,,,,,,,,,,,,,,,,,,,
,,,,,,,,,,,,,,,,,,,,,,,,,
,,,,,,,,,,,,,,,,,,,,,,,,,
,,,,,,,,,,,,,,,,,,,,,,,,,
,,,,,,,,,,,,,,,,,,,,,,,,,
,,,,,,,,,,,,,,,,,,,,,,,,,
,,,,,,,,,,,,,,,,,,,,,,,,,
,,,,,,,,,,,,,,,,,,,,,,,,,
,,,,,,,,,,,,,,,,,,,,,,,,,
,,,,,,,,,,,,,,,,,,,,,,,,,